CREATE TABLE AQ (
  PID smallint(5) unsigned NOT NULL DEFAULT '0',
  POSITIONID smallint(5) unsigned NOT NULL DEFAULT '0',
  AQID smallint(5) NOT NULL DEFAULT '0',
  ORDER_NO smallint(2) unsigned NOT NULL DEFAULT '0',
  QUESTION text NOT NULL,
  FACTOR smallint(5) DEFAULT NULL,
  SUBFACTOR smallint(5) unsigned DEFAULT '0',
  TYPE varchar(10) DEFAULT NULL,
  PRIMARY KEY (AQID,PID,ORDER_NO,POSITIONID)
) ENGINE=MyISAM DEFAULT CHARSET=utf8;
CREATE TABLE AQ_ENG (
  PID smallint(5) unsigned NOT NULL DEFAULT '0',
  POSITIONID smallint(5) unsigned NOT NULL DEFAULT '0',
  AQID smallint(5) NOT NULL DEFAULT '0',
  ORDER_NO smallint(2) unsigned NOT NULL DEFAULT '0',
  QUESTION text NOT NULL,
  FACTOR smallint(5) DEFAULT NULL,
  SUBFACTOR smallint(5) unsigned DEFAULT '0',
  TYPE varchar(10) DEFAULT NULL,
  PRIMARY KEY (AQID,PID,ORDER_NO,POSITIONID)
) ENGINE=MyISAM DEFAULT CHARSET=utf8;
CREATE TABLE AQ_ENGANSWER (
  AQID smallint(5) NOT NULL DEFAULT '0',
  MEMBERID varchar(13) NOT NULL DEFAULT '',
  TESTNO tinyint(3) unsigned NOT NULL DEFAULT '0',
  ANSWER smallint(6) NOT NULL DEFAULT '0',
  SCORE int(11) DEFAULT NULL,
  PRIMARY KEY (AQID,MEMBERID,TESTNO)
) ENGINE=MyISAM DEFAULT CHARSET=utf8;
CREATE TABLE AQ_ENGCHOICE (
  AQID smallint(5) unsigned NOT NULL DEFAULT '0',
  CHOICEID smallint(5) unsigned NOT NULL DEFAULT '0',
  CHOICE_TXT text,
  PRIMARY KEY (AQID,CHOICEID)
) ENGINE=MyISAM DEFAULT CHARSET=utf8;
CREATE TABLE AQANSWER (
  AQID smallint(5) NOT NULL DEFAULT '0',
  MEMBERID varchar(13) NOT NULL DEFAULT '',
  TESTNO tinyint(3) unsigned NOT NULL DEFAULT '0',
  ANSWER smallint(6) NOT NULL DEFAULT '0',
  SCORE int(11) DEFAULT NULL,
  PRIMARY KEY (AQID,MEMBERID,TESTNO)
) ENGINE=MyISAM DEFAULT CHARSET=utf8;
CREATE TABLE AQCHOICE (
  AQID smallint(5) unsigned NOT NULL DEFAULT '0',
  CHOICEID smallint(5) unsigned NOT NULL DEFAULT '0',
  CHOICE_TXT text,
  PRIMARY KEY (AQID,CHOICEID)
) ENGINE=MyISAM DEFAULT CHARSET=utf8;
CREATE TABLE BUSUNIT (
  BUID smallint(5) unsigned NOT NULL DEFAULT '0',
  BU_THAINAME varchar(128) DEFAULT NULL,
  BU_ENGNAME varchar(128) DEFAULT NULL,
  BUDESC varchar(128) DEFAULT NULL,
  STATUS char(1) DEFAULT 'A',
  CREATEBY tinyint(3) DEFAULT NULL,
  CREATEDATED datetime DEFAULT NULL,
  EDITBY tinyint(3) DEFAULT NULL,
  EDITDATED datetime DEFAULT NULL,
  PRIMARY KEY (BUID)
) ENGINE=MyISAM DEFAULT CHARSET=utf8;
CREATE TABLE COM_R (
  PID smallint(5) unsigned NOT NULL DEFAULT '0',
  POSITIONID smallint(5) unsigned NOT NULL DEFAULT '0',
  QID smallint(5) NOT NULL DEFAULT '0',
  ORDER_NO smallint(2) unsigned NOT NULL DEFAULT '0',
  CHOICE_TYPE char(1) NOT NULL DEFAULT 'W',
  CHOICE text NOT NULL,
  CHOICE_SCORE int(1) NOT NULL DEFAULT '0',
  FACTOR smallint(5) DEFAULT NULL,
  SUBFACTOR smallint(5) DEFAULT NULL,
  TYPE varchar(10) DEFAULT NULL,
  STAT smallint(5) unsigned DEFAULT '0',
  PRIMARY KEY (QID,PID,ORDER_NO,CHOICE_TYPE,POSITIONID)
) ENGINE=MyISAM DEFAULT CHARSET=utf8;
CREATE TABLE COM_RANSWER (
  QID smallint(5) NOT NULL DEFAULT '0',
  CHOICE_TYPE char(1) NOT NULL DEFAULT '0',
  MEMBERID varchar(13) NOT NULL DEFAULT '',
  TESTNO tinyint(3) unsigned NOT NULL DEFAULT '0',
  ANSWER smallint(6) NOT NULL DEFAULT '0',
  SCORE int(11) DEFAULT NULL,
  USERCHOOSE varchar(1) DEFAULT NULL,
  PRIMARY KEY (QID,MEMBERID,TESTNO,CHOICE_TYPE)
) ENGINE=MyISAM DEFAULT CHARSET=utf8;
CREATE TABLE COMPANY_NORM_EXAM (
  EXAMID smallint(5) unsigned NOT NULL DEFAULT '0',
  NORM varchar(10) DEFAULT '0',
  COMPANY_SHOW varchar(1) DEFAULT 'N',
  DATEUPDATE datetime DEFAULT NULL,
  COMPANY_FACTOR_SHOW varchar(1) DEFAULT 'N',
  PRIMARY KEY (EXAMID)
) ENGINE=MyISAM DEFAULT CHARSET=utf8;
INSERT INTO COMPANY_NORM_EXAM VALUES (1,'0','N',NULL,'N'),(2,'0','N',NULL,'N'),(3,'0','N',NULL,'N'),(4,'0','N',NULL,'N'),(6,'0','N',NULL,'N'),(7,'0','N',NULL,'N'),(8,'0','N',NULL,'N'),(9,'0','N',NULL,'N'),(10,'0','N',NULL,'N'),(11,'0','N',NULL,'N'),(12,'0','N',NULL,'N'),(13,'0','N',NULL,'N'),(14,'0','N',NULL,'N'),(15,'0','N',NULL,'N'),(16,'0','N',NULL,'N'),(19,'0','N',NULL,'N'),(20,'0','N',NULL,'N'),(21,'0','N',NULL,'N'),(22,'0','N',NULL,'N'),(23,'0','N',NULL,'N'),(29,'0','N',NULL,'N'),(30,'0','N',NULL,'N'),(32,'0','N',NULL,'N'),(33,'0','N',NULL,'N'),(34,'0','N',NULL,'N');
CREATE TABLE COMPANY_NORMFACTOR_EXAM (
  EXAMID smallint(5) unsigned NOT NULL DEFAULT '0',
  FID smallint(5) DEFAULT '0',
  NORM varchar(10) DEFAULT '0',
  DATEUPDATE datetime DEFAULT NULL,
  PRIMARY KEY (EXAMID,FID)
) ENGINE=MyISAM DEFAULT CHARSET=utf8;
INSERT INTO COMPANY_NORMFACTOR_EXAM (EXAMID,FID,NORM,DATEUPDATE) VALUES (1,1,'0',NULL),(1,2,'0',NULL),(1,3,'0',NULL),(1,4,'0',NULL),(1,5,'0',NULL),(2,1,'0',NULL),(2,2,'0',NULL),(2,3,'0',NULL),(2,4,'0',NULL),(2,5,'0',NULL),(3,1,'0',NULL),(3,2,'0',NULL),(3,3,'0',NULL),(3,4,'0',NULL),(3,5,'0',NULL),(4,1,'0',NULL),(4,2,'0',NULL),(4,3,'0',NULL),(6,1,'0',NULL),(6,2,'0',NULL),(7,1,'0',NULL),(7,2,'0',NULL),(7,3,'0',NULL),(8,1,'0',NULL),(8,2,'0',NULL),(9,1,'0',NULL),(9,2,'0',NULL),(9,3,'0',NULL),(9,4,'0',NULL),(10,1,'0',NULL),(10,2,'0',NULL),(10,3,'0',NULL),(10,4,'0',NULL),(11,1,'0',NULL),(11,2,'0',NULL),(11,3,'0',NULL),(11,4,'0',NULL),(11,5,'0',NULL),(12,1,'0',NULL),(12,2,'0',NULL),(12,3,'0',NULL),(12,4,'0',NULL),(13,1,'0',NULL),(13,2,'0',NULL),(13,3,'0',NULL),(13,4,'0',NULL),(14,1,'0',NULL),(14,2,'0',NULL),(15,1,'0',NULL),(15,2,'0',NULL),(15,3,'0',NULL),(15,4,'0',NULL),(16,1,'0',NULL),(16,2,'0',NULL),(16,3,'0',NULL),(16,4,'0',NULL),(19,1,'0',NULL),(19,2,'0',NULL),(19,3,'0',NULL),(20,1,'0',NULL),(20,2,'0',NULL),(21,1,'0',NULL),(21,2,'0',NULL),(21,3,'0',NULL),(22,1,'0',NULL),(22,2,'0',NULL),(22,3,'0',NULL),(23,1,'0',NULL),(23,2,'0',NULL),(23,3,'0',NULL),(23,4,'0',NULL),(23,5,'0',NULL),(23,6,'0',NULL),(23,7,'0',NULL),(23,8,'0',NULL),(23,9,'0',NULL),(29,1,'0',NULL),(29,2,'0',NULL),(29,3,'0',NULL),(29,4,'0',NULL),(29,5,'0',NULL),(29,6,'0',NULL),(29,7,'0',NULL),(29,8,'0',NULL),(29,9,'0',NULL),(30,1,'0',NULL),(30,2,'0',NULL),(30,3,'0',NULL),(30,4,'0',NULL),(30,5,'0',NULL),(32,1,'0',NULL),(32,2,'0',NULL),(32,3,'0',NULL),(33,1,'0',NULL),(33,2,'0',NULL),(33,3,'0',NULL),(34,1,'0',NULL),(34,2,'0',NULL),(34,3,'0',NULL),(34,4,'0',NULL),(34,5,'0',NULL),(34,6,'0',NULL);
CREATE TABLE COMPANY_SETTINGNORM (
  ID int(3) NOT NULL DEFAULT '0',
  NORM_NAME varchar(100) NOT NULL DEFAULT '0',
  NORM_COLOR varchar(100) DEFAULT NULL,
  NORM_COLOR_BORDER varchar(100) DEFAULT NULL,
  PRIMARY KEY (ID)
) ENGINE=MyISAM DEFAULT CHARSET=utf8;
INSERT INTO COMPANY_SETTINGNORM VALUES (1,'Norm องค์กร','#ffd8b0','#ffa851');
CREATE TABLE COMPANYPROFILE (
  COMPANYNAME varchar(100) NOT NULL DEFAULT '0',
  COMPANYFULLNAME varchar(255) DEFAULT NULL,
  STATUS char(1) NOT NULL DEFAULT 'A',
  IMAGE varchar(100) DEFAULT NULL,
  SENDEMAILSTATUS varchar(1) DEFAULT 'I',
  SENDEMAILEXAMSTATUS varchar(1) DEFAULT 'I',
  PRIMARY KEY (COMPANYNAME)
) ENGINE=MyISAM DEFAULT CHARSET=utf8;
CREATE TABLE CS1_ENGANSWER (
  QID smallint(5) NOT NULL DEFAULT '0',
  MEMBERID varchar(13) NOT NULL DEFAULT '',
  TESTNO tinyint(3) unsigned NOT NULL DEFAULT '0',
  ANSWER smallint(6) NOT NULL DEFAULT '0',
  SCORE int(11) DEFAULT NULL,
  PRIMARY KEY (QID,MEMBERID,TESTNO)
) ENGINE=MyISAM DEFAULT CHARSET=utf8;
CREATE TABLE CS1_ENGCHOICE (
  QID smallint(5) unsigned NOT NULL DEFAULT '0',
  CHOICEID smallint(5) unsigned NOT NULL DEFAULT '0',
  CHOICE_TXT text,
  POINT char(2) DEFAULT '0',
  PRIMARY KEY (QID,CHOICEID)
) ENGINE=MyISAM DEFAULT CHARSET=utf8;
CREATE TABLE CS1_ENGQUESTION (
  PID smallint(5) unsigned NOT NULL DEFAULT '0',
  POSITIONID smallint(5) unsigned NOT NULL DEFAULT '0',
  QID smallint(5) NOT NULL DEFAULT '0',
  ORDER_NO smallint(2) unsigned NOT NULL DEFAULT '0',
  QUESTION text NOT NULL,
  FACTOR smallint(5) DEFAULT NULL,
  TYPE varchar(10) DEFAULT NULL,
  PRIMARY KEY (QID,PID,ORDER_NO,POSITIONID)
) ENGINE=MyISAM DEFAULT CHARSET=utf8;
CREATE TABLE CS1ANSWER (
  QID smallint(5) NOT NULL DEFAULT '0',
  MEMBERID varchar(13) NOT NULL DEFAULT '',
  TESTNO tinyint(3) unsigned NOT NULL DEFAULT '0',
  ANSWER smallint(6) NOT NULL DEFAULT '0',
  SCORE int(11) DEFAULT NULL,
  PRIMARY KEY (QID,MEMBERID,TESTNO)
) ENGINE=MyISAM DEFAULT CHARSET=utf8;
CREATE TABLE CS1CHOICE (
  QID smallint(5) unsigned NOT NULL DEFAULT '0',
  CHOICEID smallint(5) unsigned NOT NULL DEFAULT '0',
  CHOICE_TXT text,
  POINT char(2) DEFAULT '0',
  PRIMARY KEY (QID,CHOICEID)
) ENGINE=MyISAM DEFAULT CHARSET=utf8;
CREATE TABLE CS1QUESTION (
  PID smallint(5) unsigned NOT NULL DEFAULT '0',
  POSITIONID smallint(5) unsigned NOT NULL DEFAULT '0',
  QID smallint(5) NOT NULL DEFAULT '0',
  ORDER_NO smallint(2) unsigned NOT NULL DEFAULT '0',
  QUESTION text NOT NULL,
  FACTOR smallint(5) DEFAULT NULL,
  TYPE varchar(10) DEFAULT NULL,
  PRIMARY KEY (QID,PID,ORDER_NO,POSITIONID)
) ENGINE=MyISAM DEFAULT CHARSET=utf8;
CREATE TABLE CS2_ENGANSWER (
  QID int(5) NOT NULL DEFAULT '0',
  MEMBERID varchar(13) NOT NULL DEFAULT '',
  TESTNO tinyint(3) unsigned NOT NULL DEFAULT '0',
  ANSWER smallint(6) NOT NULL DEFAULT '0',
  SCORE int(11) DEFAULT NULL,
  PRIMARY KEY (QID,MEMBERID,TESTNO)
) ENGINE=MyISAM DEFAULT CHARSET=utf8;
CREATE TABLE CS2_ENGCHOICE (
  QID int(5) unsigned NOT NULL DEFAULT '0',
  CHOICEID smallint(5) unsigned NOT NULL DEFAULT '0',
  CHOICE_TXT text,
  POINT char(2) DEFAULT '0',
  PRIMARY KEY (QID,CHOICEID)
) ENGINE=MyISAM DEFAULT CHARSET=utf8;
CREATE TABLE CS2_ENGQUESTION (
  PID smallint(5) unsigned NOT NULL DEFAULT '0',
  POSITIONID smallint(5) unsigned NOT NULL DEFAULT '0',
  QID int(5) NOT NULL DEFAULT '0',
  ORDER_NO smallint(2) unsigned NOT NULL DEFAULT '0',
  QUESTION text NOT NULL,
  FACTOR smallint(5) DEFAULT NULL,
  TYPE varchar(10) DEFAULT NULL,
  PRIMARY KEY (QID,PID,ORDER_NO,POSITIONID)
) ENGINE=MyISAM DEFAULT CHARSET=utf8;
CREATE TABLE CS2ANSWER (
  QID int(5) NOT NULL DEFAULT '0',
  MEMBERID varchar(13) NOT NULL DEFAULT '',
  TESTNO tinyint(3) unsigned NOT NULL DEFAULT '0',
  ANSWER smallint(6) NOT NULL DEFAULT '0',
  SCORE int(11) DEFAULT NULL,
  PRIMARY KEY (QID,MEMBERID,TESTNO)
) ENGINE=MyISAM DEFAULT CHARSET=utf8;
CREATE TABLE CS2CHOICE (
  QID int(5) unsigned NOT NULL DEFAULT '0',
  CHOICEID smallint(5) unsigned NOT NULL DEFAULT '0',
  CHOICE_TXT text,
  POINT char(2) DEFAULT '0',
  PRIMARY KEY (QID,CHOICEID)
) ENGINE=MyISAM DEFAULT CHARSET=utf8;
CREATE TABLE CS2QUESTION (
  PID smallint(5) unsigned NOT NULL DEFAULT '0',
  POSITIONID smallint(5) unsigned NOT NULL DEFAULT '0',
  QID int(5) NOT NULL DEFAULT '0',
  ORDER_NO smallint(2) unsigned NOT NULL DEFAULT '0',
  QUESTION text NOT NULL,
  FACTOR smallint(5) DEFAULT NULL,
  TYPE varchar(10) DEFAULT NULL,
  PRIMARY KEY (QID,PID,ORDER_NO,POSITIONID)
) ENGINE=MyISAM DEFAULT CHARSET=utf8;
CREATE TABLE ENDUREANSWER (
  MEMBERID varchar(13) NOT NULL DEFAULT '',
  TESTNO tinyint(3) unsigned NOT NULL DEFAULT '0',
  LINE tinyint(3) unsigned NOT NULL DEFAULT '0',
  SUCCESS_NUMBER int(5) unsigned DEFAULT '0',
  TRUE_NUMBER int(5) unsigned DEFAULT '0',
  FALSE_NUMBER int(5) unsigned DEFAULT '0',
  PRIMARY KEY (MEMBERID,TESTNO,LINE)
) ENGINE=MyISAM DEFAULT CHARSET=utf8;
CREATE TABLE ENG1ANSWER (
  MEMBERID varchar(13) NOT NULL DEFAULT '0',
  TESTNO tinyint(3) unsigned NOT NULL DEFAULT '0',
  SETID tinyint(3) unsigned NOT NULL DEFAULT '0',
  QID tinyint(3) unsigned NOT NULL DEFAULT '0',
  ANSTYPE varchar(10) DEFAULT NULL,
  FACTOR tinyint(3) unsigned DEFAULT '0',
  QTYPE varchar(10) DEFAULT NULL,
  PASSAGEID tinyint(3) unsigned DEFAULT '0',
  SANSWER varchar(10) DEFAULT NULL,
  CANSWER varchar(10) DEFAULT NULL,
  MARK_PERQ tinyint(3) unsigned DEFAULT '0',
  SCORE tinyint(3) unsigned DEFAULT '0',
  QUSE_TIME varchar(10) DEFAULT '0',
  PRIMARY KEY (MEMBERID,TESTNO,SETID,QID)
) ENGINE=MyISAM DEFAULT CHARSET=utf8;
CREATE TABLE ENG1CHOICE (
  SETID tinyint(3) unsigned NOT NULL DEFAULT '0',
  QID tinyint(3) unsigned NOT NULL DEFAULT '0',
  CID tinyint(3) unsigned NOT NULL DEFAULT '0',
  CHOICE_SRC text,
  CHOICE_SRCTYPE varchar(100) DEFAULT NULL,
  CORRECT tinyint(3) unsigned DEFAULT '0',
  PRIMARY KEY (SETID,QID,CID)
) ENGINE=MyISAM DEFAULT CHARSET=utf8;
CREATE TABLE ENG1PASSAGE (
  SETID tinyint(3) unsigned NOT NULL DEFAULT '0',
  PASSAGEID tinyint(3) unsigned NOT NULL DEFAULT '0',
  PASSAGE_SRC varchar(100) DEFAULT '0',
  PRIMARY KEY (SETID,PASSAGEID)
) ENGINE=MyISAM DEFAULT CHARSET=utf8;
CREATE TABLE ENG1QUESTION (
  PID tinyint(5) unsigned NOT NULL DEFAULT '0',
  POSITIONID tinyint(5) unsigned NOT NULL DEFAULT '0',
  SETID tinyint(3) unsigned NOT NULL DEFAULT '0',
  QID tinyint(3) unsigned NOT NULL DEFAULT '0',
  ORDER_NO tinyint(2) unsigned NOT NULL DEFAULT '0',
  ANSTYPE varchar(10) DEFAULT NULL,
  ANSOPTION tinyint(3) unsigned DEFAULT '0',
  FACTOR tinyint(3) unsigned DEFAULT '0',
  QTYPE varchar(10) DEFAULT NULL,
  PASSAGEID tinyint(3) unsigned DEFAULT '0',
  STAT tinyint(3) unsigned DEFAULT '0',
  PAGETYPE smallint(1) DEFAULT '1',
  PRIMARY KEY (SETID,QID,PID,POSITIONID)
) ENGINE=MyISAM DEFAULT CHARSET=utf8;
CREATE TABLE ENG1QUESTION_STEP (
  SETID tinyint(3) unsigned NOT NULL DEFAULT '0',
  QID tinyint(3) unsigned NOT NULL DEFAULT '0',
  QUESTION_STEP tinyint(3) unsigned NOT NULL DEFAULT '0',
  QUESTION_SRC text,
  QUESTION_SRCTYPE varchar(10) DEFAULT NULL,
  QUESTION_ALIGN varchar(10) DEFAULT 'LEFT',
  PRIMARY KEY (SETID,QID,QUESTION_STEP)
) ENGINE=MyISAM DEFAULT CHARSET=utf8;
CREATE TABLE ENG2ANSWER (
  MEMBERID varchar(13) NOT NULL DEFAULT '0',
  TESTNO tinyint(3) unsigned NOT NULL DEFAULT '0',
  SETID tinyint(3) unsigned NOT NULL DEFAULT '0',
  QID tinyint(3) unsigned NOT NULL DEFAULT '0',
  ANSTYPE varchar(10) DEFAULT NULL,
  FACTOR tinyint(3) unsigned DEFAULT '0',
  QTYPE varchar(10) DEFAULT NULL,
  PASSAGEID tinyint(3) unsigned DEFAULT '0',
  SANSWER varchar(10) DEFAULT NULL,
  CANSWER varchar(10) DEFAULT NULL,
  MARK_PERQ tinyint(3) unsigned DEFAULT '0',
  SCORE tinyint(3) unsigned DEFAULT '0',
  QUSE_TIME varchar(10) DEFAULT '0',
  PRIMARY KEY (MEMBERID,TESTNO,SETID,QID)
) ENGINE=MyISAM DEFAULT CHARSET=utf8;
CREATE TABLE ENG2CHOICE (
  SETID tinyint(3) unsigned NOT NULL DEFAULT '0',
  QID tinyint(3) unsigned NOT NULL DEFAULT '0',
  CID tinyint(3) unsigned NOT NULL DEFAULT '0',
  CHOICE_SRC text,
  CHOICE_SRCTYPE varchar(100) DEFAULT NULL,
  CORRECT tinyint(3) unsigned DEFAULT '0',
  PRIMARY KEY (SETID,QID,CID)
) ENGINE=MyISAM DEFAULT CHARSET=utf8;
CREATE TABLE ENG2PASSAGE (
  SETID tinyint(3) unsigned NOT NULL DEFAULT '0',
  PASSAGEID tinyint(3) unsigned NOT NULL DEFAULT '0',
  PASSAGE_SRC varchar(100) NOT NULL DEFAULT '0',
  SUBPASSAGE_SRC varchar(100) DEFAULT '0',
  PRIMARY KEY (SETID,PASSAGEID,PASSAGE_SRC)
) ENGINE=MyISAM DEFAULT CHARSET=utf8;
CREATE TABLE ENG2QUESTION (
  PID tinyint(5) unsigned NOT NULL DEFAULT '0',
  POSITIONID tinyint(5) unsigned NOT NULL DEFAULT '0',
  SETID tinyint(3) unsigned NOT NULL DEFAULT '0',
  QID tinyint(3) unsigned NOT NULL DEFAULT '0',
  ORDER_NO tinyint(2) unsigned NOT NULL DEFAULT '0',
  ANSTYPE varchar(10) DEFAULT NULL,
  ANSOPTION tinyint(3) unsigned DEFAULT '0',
  FACTOR tinyint(3) unsigned DEFAULT '0',
  QTYPE varchar(10) DEFAULT NULL,
  PASSAGEID tinyint(3) unsigned DEFAULT '0',
  SUBPASSAGEID tinyint(3) unsigned DEFAULT '0',
  STAT tinyint(3) unsigned DEFAULT '0',
  PAGETYPE smallint(1) DEFAULT '1',
  PRIMARY KEY (SETID,QID,PID,POSITIONID)
) ENGINE=MyISAM DEFAULT CHARSET=utf8;
CREATE TABLE ENG2QUESTION_STEP (
  SETID tinyint(3) unsigned NOT NULL DEFAULT '0',
  QID tinyint(3) unsigned NOT NULL DEFAULT '0',
  QUESTION_STEP tinyint(3) unsigned NOT NULL DEFAULT '0',
  QUESTION_SRC text,
  QUESTION_SRCTYPE varchar(10) DEFAULT NULL,
  QUESTION_ALIGN varchar(10) DEFAULT 'LEFT',
  PRIMARY KEY (SETID,QID,QUESTION_STEP)
) ENGINE=MyISAM DEFAULT CHARSET=utf8;
CREATE TABLE ENG3ANSWER (
  MEMBERID varchar(13) NOT NULL DEFAULT '0',
  TESTNO tinyint(3) unsigned NOT NULL DEFAULT '0',
  SETID tinyint(3) unsigned NOT NULL DEFAULT '0',
  QID int(3) unsigned NOT NULL DEFAULT '0',
  ANSTYPE varchar(10) DEFAULT NULL,
  FACTOR tinyint(3) unsigned DEFAULT '0',
  QTYPE varchar(10) DEFAULT NULL,
  PASSAGEID tinyint(3) unsigned DEFAULT '0',
  SANSWER varchar(10) DEFAULT NULL,
  CANSWER varchar(10) DEFAULT NULL,
  MARK_PERQ tinyint(3) unsigned DEFAULT '0',
  SCORE tinyint(3) unsigned DEFAULT '0',
  QUSE_TIME varchar(10) DEFAULT '0',
  PRIMARY KEY (MEMBERID,TESTNO,SETID,QID)
) ENGINE=MyISAM DEFAULT CHARSET=utf8;
CREATE TABLE ENG3CHOICE (
  SETID tinyint(3) unsigned NOT NULL DEFAULT '0',
  QID int(3) NOT NULL DEFAULT '0',
  CID tinyint(3) unsigned NOT NULL DEFAULT '0',
  CHOICE_SRC text,
  CHOICE_SRCTYPE varchar(100) DEFAULT NULL,
  CORRECT tinyint(3) unsigned DEFAULT '0',
  PRIMARY KEY (SETID,QID,CID)
) ENGINE=MyISAM DEFAULT CHARSET=utf8;
CREATE TABLE ENG3PASSAGE (
  SETID tinyint(3) unsigned NOT NULL DEFAULT '0',
  PASSAGEID tinyint(3) unsigned NOT NULL DEFAULT '0',
  PASSAGE_SRC varchar(100) NOT NULL DEFAULT '0',
  SUBPASSAGE_SRC varchar(100) DEFAULT '0',
  PRIMARY KEY (SETID,PASSAGEID,PASSAGE_SRC)
) ENGINE=MyISAM DEFAULT CHARSET=utf8;
CREATE TABLE ENG3QUESTION (
  PID tinyint(5) unsigned NOT NULL DEFAULT '0',
  POSITIONID tinyint(5) unsigned NOT NULL DEFAULT '0',
  SETID tinyint(3) unsigned NOT NULL DEFAULT '0',
  QID int(3) NOT NULL DEFAULT '0',
  ORDER_NO varchar(3) NOT NULL DEFAULT '0',
  ANSTYPE varchar(10) DEFAULT NULL,
  ANSOPTION tinyint(3) unsigned DEFAULT '0',
  PACKNUM int(10) unsigned DEFAULT NULL,
  FACTOR tinyint(3) unsigned DEFAULT '0',
  QTYPE varchar(10) DEFAULT NULL,
  PASSAGEID tinyint(3) unsigned DEFAULT '0',
  SUBPASSAGEID tinyint(3) unsigned DEFAULT '0',
  STAT tinyint(3) unsigned DEFAULT '0',
  PAGETYPE smallint(1) DEFAULT '1',
  PRIMARY KEY (SETID,QID,PID,POSITIONID)
) ENGINE=MyISAM DEFAULT CHARSET=utf8;
CREATE TABLE ENG3QUESTION_STEP (
  SETID tinyint(3) unsigned NOT NULL DEFAULT '0',
  QID int(3) NOT NULL DEFAULT '0',
  QUESTION_STEP tinyint(3) unsigned NOT NULL DEFAULT '0',
  QUESTION_SRC text,
  QUESTION_SRCTYPE varchar(10) DEFAULT NULL,
  QUESTION_ALIGN varchar(10) DEFAULT 'LEFT',
  PRIMARY KEY (SETID,QID,QUESTION_STEP)
) ENGINE=MyISAM DEFAULT CHARSET=utf8;
CREATE TABLE ENG4ANSWER (
  MEMBERID varchar(13) NOT NULL DEFAULT '',
  TESTNO tinyint(3) unsigned NOT NULL DEFAULT '0',
  SETID tinyint(3) unsigned NOT NULL DEFAULT '0',
  QID tinyint(3) unsigned NOT NULL DEFAULT '0',
  ANSTYPE varchar(10) DEFAULT 'CHOICE',
  FACTOR1 tinyint(3) unsigned NOT NULL DEFAULT '0',
  FACTOR2 tinyint(3) unsigned NOT NULL DEFAULT '0',
  SANSWER varchar(255) DEFAULT '',
  CANSWER varchar(255) DEFAULT '',
  MARKPERQ tinyint(3) unsigned NOT NULL DEFAULT '1',
  MARK tinyint(3) unsigned NOT NULL DEFAULT '0',
  QTIMELIMIT smallint(3) unsigned NOT NULL DEFAULT '0',
  QTIMEUSE smallint(3) unsigned NOT NULL DEFAULT '0',
  QVIEW tinyint(3) unsigned NOT NULL DEFAULT '0',
  QANSWER tinyint(3) unsigned NOT NULL DEFAULT '0',
  PRIMARY KEY (MEMBERID,SETID,QID,TESTNO)
) ENGINE=MyISAM DEFAULT CHARSET=utf8;
CREATE TABLE ENG4CHOICE (
  SETID tinyint(3) unsigned NOT NULL DEFAULT '0',
  QID tinyint(3) unsigned NOT NULL DEFAULT '0',
  CID tinyint(3) unsigned NOT NULL DEFAULT '0',
  CORRECT tinyint(3) unsigned NOT NULL DEFAULT '0',
  PRIMARY KEY (SETID,QID,CID)
) ENGINE=MyISAM DEFAULT CHARSET=utf8;
CREATE TABLE ENG4CHOICE_STEP (
  SETID tinyint(3) unsigned NOT NULL DEFAULT '0',
  QID tinyint(3) unsigned NOT NULL DEFAULT '0',
  CID tinyint(3) unsigned NOT NULL DEFAULT '0',
  CSTEP tinyint(3) unsigned NOT NULL DEFAULT '0',
  SRC varchar(255) DEFAULT '',
  SRCTYPE varchar(5) DEFAULT 'TEXT',
  SRCWIDTH smallint(3) unsigned NOT NULL DEFAULT '0',
  SRCHEIGHT smallint(3) unsigned NOT NULL DEFAULT '0',
  ALIGN varchar(6) DEFAULT 'LEFT',
  PRIMARY KEY (SETID,QID,CID,CSTEP)
) ENGINE=MyISAM DEFAULT CHARSET=utf8;
CREATE TABLE ENG4QUESTION (
  PID smallint(5) unsigned NOT NULL DEFAULT '0',
  POSITIONID smallint(5) unsigned NOT NULL DEFAULT '0',
  SETID tinyint(3) unsigned NOT NULL DEFAULT '0',
  QID tinyint(3) unsigned NOT NULL DEFAULT '0',
  ORDER_NO smallint(2) unsigned NOT NULL DEFAULT '0',
  ANSTYPE varchar(10) DEFAULT 'CHOICE',
  ANSOPTION tinyint(3) unsigned DEFAULT NULL,
  FACTOR1 tinyint(3) unsigned NOT NULL DEFAULT '0',
  FACTOR2 tinyint(3) unsigned NOT NULL DEFAULT '0',
  PAGETYPE smallint(1) DEFAULT '1',
  PRIMARY KEY (SETID,QID,PID,ORDER_NO,POSITIONID)
) ENGINE=MyISAM DEFAULT CHARSET=utf8;
CREATE TABLE ENG4QUESTION_STEP (
  SETID tinyint(3) unsigned NOT NULL DEFAULT '0',
  QID tinyint(3) unsigned NOT NULL DEFAULT '0',
  QSTEP tinyint(3) unsigned NOT NULL DEFAULT '0',
  SRC varchar(255) DEFAULT '',
  SRCTYPE varchar(5) DEFAULT 'TEXT',
  SRCWIDTH smallint(3) unsigned NOT NULL DEFAULT '0',
  SRCHEIGHT smallint(3) unsigned NOT NULL DEFAULT '0',
  ALIGN varchar(6) DEFAULT 'LEFT',
  PRIMARY KEY (SETID,QID,QSTEP)
) ENGINE=MyISAM DEFAULT CHARSET=utf8;
CREATE TABLE ENG5ANSWER (
  MEMBERID varchar(13) NOT NULL DEFAULT '',
  TESTNO tinyint(3) unsigned NOT NULL DEFAULT '0',
  SETID tinyint(3) unsigned NOT NULL DEFAULT '0',
  QID int(3) unsigned NOT NULL DEFAULT '0',
  ANSTYPE varchar(10) DEFAULT 'CHOICE',
  FACTOR tinyint(3) unsigned NOT NULL DEFAULT '0',
  SUBFACTOR tinyint(3) unsigned NOT NULL DEFAULT '0',
  SANSWER varchar(255) DEFAULT '',
  CANSWER varchar(255) DEFAULT '',
  MARKPERQ tinyint(3) unsigned NOT NULL DEFAULT '1',
  MARK tinyint(3) unsigned NOT NULL DEFAULT '0',
  QTIMELIMIT smallint(3) unsigned NOT NULL DEFAULT '0',
  QTIMEUSE smallint(3) unsigned NOT NULL DEFAULT '0',
  QVIEW tinyint(3) unsigned NOT NULL DEFAULT '0',
  QANSWER tinyint(3) unsigned NOT NULL DEFAULT '0',
  PRIMARY KEY (MEMBERID,SETID,QID,TESTNO)
) ENGINE=MyISAM DEFAULT CHARSET=utf8;
CREATE TABLE ENG5CHOICE (
  SETID tinyint(3) unsigned NOT NULL DEFAULT '0',
  QID int(3) unsigned NOT NULL DEFAULT '0',
  CID tinyint(3) unsigned NOT NULL DEFAULT '0',
  CORRECT tinyint(3) unsigned NOT NULL DEFAULT '0',
  PRIMARY KEY (SETID,QID,CID)
) ENGINE=MyISAM DEFAULT CHARSET=utf8;
CREATE TABLE ENG5CHOICE_STEP (
  SETID tinyint(3) unsigned NOT NULL DEFAULT '0',
  QID int(3) unsigned NOT NULL DEFAULT '0',
  CID tinyint(3) unsigned NOT NULL DEFAULT '0',
  CSTEP tinyint(3) unsigned NOT NULL DEFAULT '0',
  SRC varchar(255) DEFAULT '',
  SRCTYPE varchar(5) DEFAULT 'TEXT',
  SRCWIDTH smallint(3) unsigned NOT NULL DEFAULT '0',
  SRCHEIGHT smallint(3) unsigned NOT NULL DEFAULT '0',
  ALIGN varchar(6) DEFAULT 'LEFT',
  PRIMARY KEY (SETID,QID,CID,CSTEP)
) ENGINE=MyISAM DEFAULT CHARSET=utf8;
CREATE TABLE ENG5QUESTION (
  PID smallint(5) unsigned NOT NULL DEFAULT '0',
  POSITIONID smallint(5) unsigned NOT NULL DEFAULT '0',
  SETID tinyint(3) unsigned NOT NULL DEFAULT '0',
  QID int(3) unsigned NOT NULL DEFAULT '0',
  ORDER_NO smallint(2) unsigned NOT NULL DEFAULT '0',
  ANSTYPE varchar(10) DEFAULT 'CHOICE',
  ANSOPTION tinyint(3) unsigned DEFAULT NULL,
  FACTOR tinyint(3) unsigned NOT NULL DEFAULT '0',
  SUBFACTOR tinyint(3) unsigned NOT NULL DEFAULT '0',
  PAGETYPE smallint(1) DEFAULT '1',
  PRIMARY KEY (SETID,QID,PID,ORDER_NO,POSITIONID)
) ENGINE=MyISAM DEFAULT CHARSET=utf8;
CREATE TABLE ENG5QUESTION_STEP (
  SETID tinyint(3) unsigned NOT NULL DEFAULT '0',
  QID int(3) unsigned NOT NULL DEFAULT '0',
  QUESTION_STEP tinyint(3) unsigned NOT NULL DEFAULT '0',
  QUESTION_SRC varchar(255) DEFAULT '',
  QUESTION_SRCTYPE varchar(5) DEFAULT 'TEXT',
  QUESTION_SRCWIDTH smallint(3) unsigned NOT NULL DEFAULT '0',
  QUESTION_SRCHEIGHT smallint(3) unsigned NOT NULL DEFAULT '0',
  QUESTION_ALIGN varchar(6) DEFAULT 'LEFT',
  PRIMARY KEY (SETID,QID,QUESTION_STEP)
) ENGINE=MyISAM DEFAULT CHARSET=utf8;
CREATE TABLE ENG7ANSWER (
  MEMBERID varchar(13) NOT NULL DEFAULT '0',
  TESTNO tinyint(3) unsigned NOT NULL DEFAULT '0',
  SETID tinyint(3) unsigned NOT NULL DEFAULT '0',
  QID tinyint(3) unsigned NOT NULL DEFAULT '0',
  ANSTYPE varchar(10) DEFAULT NULL,
  FACTOR tinyint(3) unsigned DEFAULT '0',
  QTYPE varchar(10) DEFAULT NULL,
  PASSAGEID tinyint(3) unsigned DEFAULT '0',
  SANSWER varchar(10) DEFAULT NULL,
  CANSWER varchar(10) DEFAULT NULL,
  MARK_PERQ tinyint(3) unsigned DEFAULT '0',
  SCORE tinyint(3) unsigned DEFAULT '0',
  QUSE_TIME varchar(10) DEFAULT '0',
  PRIMARY KEY (MEMBERID,TESTNO,SETID,QID)
) ENGINE=MyISAM DEFAULT CHARSET=utf8;
CREATE TABLE ENG7CHOICE (
  SETID tinyint(3) unsigned NOT NULL DEFAULT '0',
  QID tinyint(3) unsigned NOT NULL DEFAULT '0',
  CID tinyint(3) unsigned NOT NULL DEFAULT '0',
  CHOICE_SRC text,
  CHOICE_SRCTYPE varchar(100) DEFAULT NULL,
  CORRECT tinyint(3) unsigned DEFAULT '0',
  PRIMARY KEY (SETID,QID,CID)
) ENGINE=MyISAM DEFAULT CHARSET=utf8;
CREATE TABLE ENG7PASSAGE (
  SETID tinyint(3) unsigned NOT NULL DEFAULT '0',
  PASSAGEID tinyint(3) unsigned NOT NULL DEFAULT '0',
  SUBPASSAGEID varchar(100) DEFAULT '0',
  PASSAGE_SRC varchar(100) NOT NULL DEFAULT '0',
  PRIMARY KEY (SETID,PASSAGEID,PASSAGE_SRC)
) ENGINE=MyISAM DEFAULT CHARSET=utf8;
CREATE TABLE ENG7QUESTION (
  PID tinyint(5) unsigned NOT NULL DEFAULT '0',
  POSITIONID tinyint(5) unsigned NOT NULL DEFAULT '0',
  SETID tinyint(3) unsigned NOT NULL DEFAULT '0',
  QID int(3) NOT NULL DEFAULT '0',
  ORDER_NO int(3) NOT NULL DEFAULT '0',
  ANSTYPE varchar(10) DEFAULT NULL,
  ANSOPTION tinyint(3) unsigned DEFAULT '0',
  FACTOR tinyint(3) unsigned DEFAULT '0',
  QTYPE varchar(10) DEFAULT NULL,
  PASSAGEID tinyint(3) unsigned DEFAULT '0',
  SUBPASSAGEID tinyint(3) unsigned DEFAULT '0',
  STAT tinyint(3) unsigned DEFAULT '0',
  PAGETYPE smallint(1) DEFAULT '1',
  PRIMARY KEY (SETID,QID,PID,POSITIONID)
) ENGINE=MyISAM DEFAULT CHARSET=utf8;
CREATE TABLE ENG7QUESTION_STEP (
  SETID tinyint(3) unsigned NOT NULL DEFAULT '0',
  QID tinyint(3) unsigned NOT NULL DEFAULT '0',
  QUESTION_STEP tinyint(3) unsigned NOT NULL DEFAULT '0',
  QUESTION_SRC text,
  QUESTION_SRCTYPE varchar(10) DEFAULT NULL,
  QUESTION_ALIGN varchar(10) DEFAULT 'LEFT',
  PRIMARY KEY (SETID,QID,QUESTION_STEP)
) ENGINE=MyISAM DEFAULT CHARSET=utf8;
CREATE TABLE ENGANSWER (
  MEMBERID varchar(13) NOT NULL DEFAULT '',
  TESTNO tinyint(3) unsigned NOT NULL DEFAULT '0',
  SETID tinyint(3) unsigned NOT NULL DEFAULT '0',
  QID tinyint(3) unsigned NOT NULL DEFAULT '0',
  ANSTYPE varchar(10) DEFAULT 'CHOICE',
  FACTOR1 tinyint(3) unsigned NOT NULL DEFAULT '0',
  FACTOR2 tinyint(3) unsigned NOT NULL DEFAULT '0',
  SANSWER varchar(255) DEFAULT '',
  CANSWER varchar(255) DEFAULT '',
  MARKPERQ tinyint(3) unsigned NOT NULL DEFAULT '1',
  MARK tinyint(3) unsigned NOT NULL DEFAULT '0',
  QTIMELIMIT smallint(3) unsigned NOT NULL DEFAULT '0',
  QTIMEUSE smallint(3) unsigned NOT NULL DEFAULT '0',
  QVIEW tinyint(3) unsigned NOT NULL DEFAULT '0',
  QANSWER tinyint(3) unsigned NOT NULL DEFAULT '0',
  PRIMARY KEY (MEMBERID,SETID,QID,TESTNO)
) ENGINE=MyISAM DEFAULT CHARSET=utf8;
CREATE TABLE ENGBLANKANS (
  SETID tinyint(3) unsigned NOT NULL DEFAULT '0',
  QID tinyint(3) unsigned NOT NULL DEFAULT '0',
  ANSWER varchar(255) DEFAULT '',
  MATCHCASE tinyint(3) unsigned NOT NULL DEFAULT '0',
  PRIMARY KEY (SETID,QID)
) ENGINE=MyISAM DEFAULT CHARSET=utf8;
CREATE TABLE ENGCHOICE (
  SETID tinyint(3) unsigned NOT NULL DEFAULT '0',
  QID tinyint(3) unsigned NOT NULL DEFAULT '0',
  CID tinyint(3) unsigned NOT NULL DEFAULT '0',
  CORRECT tinyint(3) unsigned NOT NULL DEFAULT '0',
  PRIMARY KEY (SETID,QID,CID)
) ENGINE=MyISAM DEFAULT CHARSET=utf8;
CREATE TABLE ENGCHOICESTEP (
  SETID tinyint(3) unsigned NOT NULL DEFAULT '0',
  QID tinyint(3) unsigned NOT NULL DEFAULT '0',
  CID tinyint(3) unsigned NOT NULL DEFAULT '0',
  CSTEP tinyint(3) unsigned NOT NULL DEFAULT '0',
  SRC varchar(255) DEFAULT '',
  SRCTYPE varchar(5) DEFAULT 'TEXT',
  SRCWIDTH smallint(3) unsigned NOT NULL DEFAULT '0',
  SRCHEIGHT smallint(3) unsigned NOT NULL DEFAULT '0',
  ALIGN varchar(6) DEFAULT 'LEFT',
  PRIMARY KEY (SETID,QID,CID,CSTEP)
) ENGINE=MyISAM DEFAULT CHARSET=utf8;
CREATE TABLE ENGQUESTION (
  PID smallint(5) unsigned NOT NULL DEFAULT '0',
  POSITIONID smallint(5) unsigned NOT NULL DEFAULT '0',
  SETID tinyint(3) unsigned NOT NULL DEFAULT '0',
  QID tinyint(3) unsigned NOT NULL DEFAULT '0',
  ORDER_NO smallint(2) unsigned NOT NULL DEFAULT '0',
  ANSTYPE varchar(10) DEFAULT 'CHOICE',
  ANSOPTION tinyint(3) unsigned DEFAULT NULL,
  FACTOR1 tinyint(3) unsigned NOT NULL DEFAULT '0',
  FACTOR2 tinyint(3) unsigned NOT NULL DEFAULT '0',
  PAGETYPE smallint(1) DEFAULT '1',
  PRIMARY KEY (SETID,QID,PID,ORDER_NO,POSITIONID)
) ENGINE=MyISAM DEFAULT CHARSET=utf8;
CREATE TABLE ENGQUESTIONSTEP (
  SETID tinyint(3) unsigned NOT NULL DEFAULT '0',
  QID tinyint(3) unsigned NOT NULL DEFAULT '0',
  QSTEP tinyint(3) unsigned NOT NULL DEFAULT '0',
  SRC varchar(255) DEFAULT '',
  SRCTYPE varchar(5) DEFAULT 'TEXT',
  SRCWIDTH smallint(3) unsigned NOT NULL DEFAULT '0',
  SRCHEIGHT smallint(3) unsigned NOT NULL DEFAULT '0',
  ALIGN varchar(6) DEFAULT 'LEFT',
  PRIMARY KEY (SETID,QID,QSTEP)
) ENGINE=MyISAM DEFAULT CHARSET=utf8;
CREATE TABLE EQ (
  PID smallint(5) unsigned NOT NULL DEFAULT '0',
  POSITIONID smallint(5) unsigned NOT NULL DEFAULT '0',
  EQID smallint(5) NOT NULL DEFAULT '0',
  ORDER_NO smallint(2) unsigned NOT NULL DEFAULT '0',
  QUESTION text NOT NULL,
  FACTOR smallint(5) unsigned DEFAULT NULL,
  TYPE varchar(10) NOT NULL DEFAULT '0',
  PRIMARY KEY (EQID,PID,ORDER_NO,POSITIONID)
) ENGINE=MyISAM DEFAULT CHARSET=utf8;
CREATE TABLE EQ2_ENGANSWER (
  QID smallint(5) NOT NULL DEFAULT '0',
  MEMBERID varchar(13) NOT NULL DEFAULT '',
  TESTNO tinyint(3) unsigned NOT NULL DEFAULT '0',
  ANSWER smallint(6) NOT NULL DEFAULT '0',
  SCORE int(11) DEFAULT NULL,
  PRIMARY KEY (QID,MEMBERID,TESTNO)
) ENGINE=MyISAM DEFAULT CHARSET=utf8;
CREATE TABLE EQ2_ENGQUESTION (
  PID smallint(5) unsigned NOT NULL DEFAULT '0',
  POSITIONID smallint(5) unsigned NOT NULL DEFAULT '0',
  QID smallint(5) NOT NULL DEFAULT '0',
  ORDER_NO smallint(2) unsigned NOT NULL DEFAULT '0',
  QUESTION text NOT NULL,
  FACTOR smallint(5) unsigned DEFAULT NULL,
  TYPE varchar(10) NOT NULL DEFAULT '0',
  PRIMARY KEY (QID,PID,ORDER_NO,POSITIONID)
) ENGINE=MyISAM DEFAULT CHARSET=utf8;
CREATE TABLE EQ2ANSWER (
  QID smallint(5) NOT NULL DEFAULT '0',
  MEMBERID varchar(13) NOT NULL DEFAULT '',
  TESTNO tinyint(3) unsigned NOT NULL DEFAULT '0',
  ANSWER smallint(6) NOT NULL DEFAULT '0',
  SCORE int(11) DEFAULT NULL,
  PRIMARY KEY (QID,MEMBERID,TESTNO)
) ENGINE=MyISAM DEFAULT CHARSET=utf8;
CREATE TABLE EQ2QUESTION (
  PID smallint(5) unsigned NOT NULL DEFAULT '0',
  POSITIONID smallint(5) unsigned NOT NULL DEFAULT '0',
  QID smallint(5) NOT NULL DEFAULT '0',
  ORDER_NO smallint(2) unsigned NOT NULL DEFAULT '0',
  QUESTION text NOT NULL,
  FACTOR smallint(5) unsigned DEFAULT NULL,
  TYPE varchar(10) NOT NULL DEFAULT '0',
  PRIMARY KEY (QID,PID,ORDER_NO,POSITIONID)
) ENGINE=MyISAM DEFAULT CHARSET=utf8;
CREATE TABLE EQANSWER (
  EQID smallint(5) NOT NULL DEFAULT '0',
  MEMBERID varchar(13) NOT NULL DEFAULT '',
  TESTNO tinyint(3) unsigned NOT NULL DEFAULT '0',
  ANSWER smallint(6) NOT NULL DEFAULT '0',
  SCORE int(11) DEFAULT NULL,
  PRIMARY KEY (EQID,MEMBERID,TESTNO)
) ENGINE=MyISAM DEFAULT CHARSET=utf8;
CREATE TABLE EVALUATE (
  MEMBERID varchar(13) NOT NULL DEFAULT '',
  TESTNO tinyint(3) unsigned NOT NULL DEFAULT '0',
  EID tinyint(3) unsigned NOT NULL DEFAULT '0',
  FACTORID tinyint(3) unsigned NOT NULL DEFAULT '0',
  ANSWER1 smallint(6) NOT NULL DEFAULT '0',
  ANSWER2 smallint(6) NOT NULL DEFAULT '0',
  DESC1 text,
  PRIMARY KEY (MEMBERID,TESTNO,EID)
) ENGINE=MyISAM DEFAULT CHARSET=utf8;
CREATE TABLE EVAQUESTION (
  EID tinyint(3) unsigned NOT NULL DEFAULT '0',
  FACTORID tinyint(3) unsigned NOT NULL DEFAULT '0',
  EVAQUESTION varchar(255) NOT NULL DEFAULT '',
  EVAID2 tinyint(3) unsigned NOT NULL DEFAULT '0',
  STATUS char(1) NOT NULL DEFAULT '1',
  PRIMARY KEY (EID)
) ENGINE=MyISAM DEFAULT CHARSET=utf8;
CREATE TABLE EXAMADMIN (
  ADMINID tinyint(3) unsigned NOT NULL AUTO_INCREMENT,
  USER varchar(20) DEFAULT '0',
  PASSWORD varchar(128) DEFAULT '0',
  ADMIN_NAME varchar(50) DEFAULT NULL,
  ADMIN_LASTNAME varchar(50) DEFAULT NULL,
  TYPE tinyint(3) unsigned DEFAULT '0',
  STATUS char(1) DEFAULT 'A',
  MDCODE varchar(64) DEFAULT NULL,
  ADMIN_NAMEEN varchar(200) NOT NULL DEFAULT '',
  ADMIN_LASTNAMEEN varchar(200) NOT NULL DEFAULT '',
  EMAIL varchar(200) NOT NULL DEFAULT '',
  LastAccess datetime DEFAULT NULL,
  GROUPID tinyint(3) DEFAULT NULL,
  CREATEBY tinyint(3) DEFAULT NULL,
  CREATEDATED datetime DEFAULT NULL,
  EDITBY tinyint(3) DEFAULT NULL,
  EDITDATED datetime DEFAULT NULL,
  PRIMARY KEY (ADMINID)
) ENGINE=MyISAM DEFAULT CHARSET=utf8;
CREATE TABLE EXAMEMAIL (
  EID tinyint(3) NOT NULL DEFAULT '0',
  EMAIL varchar(255) DEFAULT NULL,
  CREATEBY tinyint(3) DEFAULT NULL,
  CREATEDATED datetime DEFAULT NULL,
  EDITBY tinyint(3) DEFAULT NULL,
  EDITDATED datetime DEFAULT NULL,
  TYPE tinyint(3) DEFAULT NULL,
  PRIMARY KEY (EID)
) ENGINE=MyISAM DEFAULT CHARSET=utf8;
CREATE TABLE EXAMSTATUS (
  MEMBERID varchar(13) NOT NULL DEFAULT '',
  TESTNO tinyint(3) unsigned NOT NULL DEFAULT '1',
  EXAMID smallint(5) unsigned NOT NULL DEFAULT '0',
  TIME_START datetime DEFAULT NULL,
  TIME_FINISH datetime DEFAULT NULL,
  GETSCORE float DEFAULT '0',
  SETSCORE float NOT NULL DEFAULT '0',
  TIMEUSE smallint(5) unsigned DEFAULT '0',
  TIMESET smallint(5) unsigned DEFAULT '0',
  PAGENO int(2) DEFAULT '0',
  STATUS char(1) NOT NULL DEFAULT '0',
  PID smallint(5) unsigned NOT NULL DEFAULT '0',
  POSITIONID smallint(5) unsigned NOT NULL DEFAULT '0',
  LASTLOGIN datetime DEFAULT NULL,
  LOGINSTATUS int(2) DEFAULT '0',
  PRIMARY KEY (MEMBERID,EXAMID,TESTNO)
) ENGINE=MyISAM DEFAULT CHARSET=utf8;
CREATE TABLE GLA_R (
  PID smallint(5) unsigned NOT NULL DEFAULT '0',
  POSITIONID smallint(5) unsigned NOT NULL DEFAULT '0',
  QID smallint(5) NOT NULL DEFAULT '0',
  ORDER_NO smallint(2) unsigned NOT NULL DEFAULT '0',
  CHOICE_TYPE char(1) NOT NULL DEFAULT 'W',
  CHOICE text NOT NULL,
  CHOICE_SCORE int(1) NOT NULL DEFAULT '0',
  FACTOR smallint(5) DEFAULT NULL,
  SUBFACTOR smallint(5) DEFAULT NULL,
  TYPE varchar(10) DEFAULT NULL,
  STAT smallint(5) unsigned DEFAULT '0',
  PRIMARY KEY (QID,PID,ORDER_NO,CHOICE_TYPE,POSITIONID)
) ENGINE=MyISAM DEFAULT CHARSET=utf8;
CREATE TABLE GLA_RANSWER (
  QID smallint(5) NOT NULL DEFAULT '0',
  CHOICE_TYPE char(1) NOT NULL DEFAULT '0',
  MEMBERID varchar(13) NOT NULL DEFAULT '',
  TESTNO tinyint(3) unsigned NOT NULL DEFAULT '0',
  ANSWER smallint(6) NOT NULL DEFAULT '0',
  SCORE int(11) DEFAULT NULL,
  USERCHOOSE varchar(1) DEFAULT NULL,
  PRIMARY KEY (QID,MEMBERID,TESTNO,CHOICE_TYPE)
) ENGINE=MyISAM DEFAULT CHARSET=utf8;
CREATE TABLE GROUPADMIN (
  GROUPID tinyint(3) NOT NULL DEFAULT '0',
  GROUPNAME_TH varchar(200) NOT NULL,
  GROUPNAME_EN varchar(200) NOT NULL,
  STATUS varchar(1) NOT NULL,
  PRIMARY KEY (GROUPID)
) ENGINE=MyISAM DEFAULT CHARSET=utf8;
INSERT INTO groupadmin VALUES (1,'ผู้ดูแลระบบ','Administrator','A');
CREATE TABLE IDM_R (
  PID smallint(5) unsigned NOT NULL DEFAULT '0',
  POSITIONID smallint(5) unsigned NOT NULL DEFAULT '0',
  QID smallint(5) NOT NULL DEFAULT '0',
  ORDER_NO smallint(2) unsigned NOT NULL DEFAULT '0',
  CHOICE_TYPE char(1) NOT NULL DEFAULT 'W',
  CHOICE text NOT NULL,
  CHOICE_SCORE int(1) NOT NULL DEFAULT '0',
  FACTOR smallint(5) DEFAULT NULL,
  SUBFACTOR smallint(5) DEFAULT NULL,
  TYPE varchar(10) DEFAULT NULL,
  STAT smallint(5) unsigned DEFAULT '0',
  PRIMARY KEY (QID,PID,ORDER_NO,CHOICE_TYPE,POSITIONID)
) ENGINE=MyISAM DEFAULT CHARSET=utf8;
CREATE TABLE IDM_RANSWER (
  QID smallint(5) NOT NULL DEFAULT '0',
  CHOICE_TYPE char(1) NOT NULL DEFAULT '0',
  MEMBERID varchar(13) NOT NULL DEFAULT '',
  TESTNO tinyint(3) unsigned NOT NULL DEFAULT '0',
  ANSWER smallint(6) NOT NULL DEFAULT '0',
  SCORE int(11) DEFAULT NULL,
  USERCHOOSE varchar(1) DEFAULT NULL,
  PRIMARY KEY (QID,MEMBERID,TESTNO,CHOICE_TYPE)
) ENGINE=MyISAM DEFAULT CHARSET=utf8;
CREATE TABLE INQ (
  PID smallint(5) unsigned NOT NULL DEFAULT '0',
  POSITIONID smallint(5) unsigned NOT NULL DEFAULT '0',
  INQID smallint(5) NOT NULL DEFAULT '0',
  ORDER_NO smallint(2) unsigned NOT NULL DEFAULT '0',
  QUESTION text NOT NULL,
  FACTOR smallint(5) DEFAULT NULL,
  TYPE varchar(10) DEFAULT NULL,
  PRIMARY KEY (INQID,PID,ORDER_NO,POSITIONID)
) ENGINE=MyISAM DEFAULT CHARSET=utf8;
CREATE TABLE INQANSWER (
  INQID smallint(5) NOT NULL DEFAULT '0',
  MEMBERID varchar(13) NOT NULL DEFAULT '',
  TESTNO tinyint(3) unsigned NOT NULL DEFAULT '0',
  ANSWER smallint(6) NOT NULL DEFAULT '0',
  SCORE int(11) DEFAULT NULL,
  PRIMARY KEY (INQID,MEMBERID,TESTNO)
) ENGINE=MyISAM DEFAULT CHARSET=utf8;
CREATE TABLE INQCHOICE (
  INQID smallint(5) unsigned NOT NULL DEFAULT '0',
  CHOICEID smallint(5) unsigned NOT NULL DEFAULT '0',
  CHOICE_TXT text,
  POINT char(2) DEFAULT '0',
  PRIMARY KEY (INQID,CHOICEID)
) ENGINE=MyISAM DEFAULT CHARSET=utf8;
CREATE TABLE IQANSWER (
  MEMBERID varchar(13) NOT NULL DEFAULT '',
  SETID tinyint(3) unsigned NOT NULL DEFAULT '0',
  QID int(3) unsigned NOT NULL DEFAULT '0',
  ANSTYPE varchar(10) DEFAULT 'CHOICE',
  FACTOR1 tinyint(3) unsigned NOT NULL DEFAULT '0',
  FACTOR2 tinyint(3) unsigned NOT NULL DEFAULT '0',
  SANSWER varchar(255) DEFAULT '',
  CANSWER varchar(255) DEFAULT '',
  MARKPERQ tinyint(3) unsigned NOT NULL DEFAULT '1',
  MARK tinyint(3) unsigned NOT NULL DEFAULT '0',
  QTIMELIMIT smallint(3) unsigned NOT NULL DEFAULT '0',
  QTIMEUSE smallint(3) unsigned NOT NULL DEFAULT '0',
  QVIEW tinyint(3) unsigned NOT NULL DEFAULT '0',
  QANSWER tinyint(3) unsigned NOT NULL DEFAULT '0',
  TESTNO tinyint(3) unsigned NOT NULL DEFAULT '0',
  PRIMARY KEY (MEMBERID,SETID,QID,TESTNO)
) ENGINE=MyISAM DEFAULT CHARSET=utf8;
CREATE TABLE IQBLANKANS (
  SETID tinyint(3) unsigned NOT NULL DEFAULT '0',
  QID int(3) unsigned NOT NULL DEFAULT '0',
  ANSWER varchar(255) DEFAULT '',
  MATCHCASE tinyint(3) unsigned NOT NULL DEFAULT '0',
  PRIMARY KEY (SETID,QID)
) ENGINE=MyISAM DEFAULT CHARSET=utf8;
CREATE TABLE IQCHOICE (
  SETID tinyint(3) unsigned NOT NULL DEFAULT '0',
  QID int(3) unsigned NOT NULL DEFAULT '0',
  CID tinyint(3) unsigned NOT NULL DEFAULT '0',
  CORRECT tinyint(3) unsigned NOT NULL DEFAULT '0',
  PRIMARY KEY (SETID,QID,CID)
) ENGINE=MyISAM DEFAULT CHARSET=utf8;
CREATE TABLE IQCHOICESTEP (
  SETID tinyint(3) unsigned NOT NULL DEFAULT '0',
  QID int(3) unsigned NOT NULL DEFAULT '0',
  CID tinyint(3) unsigned NOT NULL DEFAULT '0',
  CSTEP tinyint(3) unsigned NOT NULL DEFAULT '0',
  SRC varchar(255) DEFAULT '',
  SRCTYPE varchar(5) DEFAULT 'TEXT',
  SRCWIDTH smallint(3) unsigned NOT NULL DEFAULT '0',
  SRCHEIGHT smallint(3) unsigned NOT NULL DEFAULT '0',
  ALIGN varchar(6) DEFAULT 'LEFT',
  PRIMARY KEY (SETID,QID,CID,CSTEP)
) ENGINE=MyISAM DEFAULT CHARSET=utf8;
CREATE TABLE IQQUESTION (
  PID smallint(5) unsigned NOT NULL DEFAULT '0',
  POSITIONID smallint(5) unsigned NOT NULL DEFAULT '0',
  SETID tinyint(3) unsigned NOT NULL DEFAULT '0',
  QID int(3) unsigned NOT NULL DEFAULT '0',
  ORDER_NO smallint(2) unsigned NOT NULL DEFAULT '0',
  ANSTYPE varchar(10) DEFAULT 'CHOICE',
  ANSOPTION tinyint(3) unsigned DEFAULT NULL,
  FACTOR1 tinyint(3) unsigned NOT NULL DEFAULT '0',
  FACTOR2 tinyint(3) unsigned NOT NULL DEFAULT '0',
  PRIMARY KEY (SETID,QID,PID,ORDER_NO,POSITIONID)
) ENGINE=MyISAM DEFAULT CHARSET=utf8;
CREATE TABLE IQQUESTIONSTEP (
  SETID tinyint(3) unsigned NOT NULL DEFAULT '0',
  QID int(3) unsigned NOT NULL DEFAULT '0',
  QSTEP tinyint(3) unsigned NOT NULL DEFAULT '0',
  SRC varchar(255) DEFAULT '',
  SRCTYPE varchar(5) DEFAULT 'TEXT',
  SRCWIDTH smallint(3) unsigned NOT NULL DEFAULT '0',
  SRCHEIGHT smallint(3) unsigned NOT NULL DEFAULT '0',
  ALIGN varchar(6) DEFAULT 'LEFT',
  PRIMARY KEY (SETID,QID,QSTEP)
) ENGINE=MyISAM DEFAULT CHARSET=utf8;
CREATE TABLE JOBPOSITION (
  POSITIONID smallint(5) unsigned NOT NULL DEFAULT '0',
  BUID smallint(5) unsigned DEFAULT NULL,
  POSITION_THAINAME varchar(128) NOT NULL DEFAULT '',
  POSITION_ENGNAME varchar(128) DEFAULT NULL,
  POSITION_DESC varchar(255) DEFAULT NULL,
  STATUS char(1) DEFAULT 'A',
  RESERVE text,
  DATEJOBMAP datetime DEFAULT NULL,
  CREATEBY tinyint(3) DEFAULT NULL,
  CREATEDATED datetime DEFAULT NULL,
  EDITBY tinyint(3) DEFAULT NULL,
  EDITDATED datetime DEFAULT NULL,
  PTCODE varchar(6) DEFAULT NULL,
  PRIMARY KEY (POSITIONID)
) ENGINE=MyISAM DEFAULT CHARSET=utf8;
CREATE TABLE JOBPOSITIONMAP (
  POSITIONID smallint(5) unsigned NOT NULL DEFAULT '0',
  EXAM_GROUPID smallint(5) unsigned NOT NULL DEFAULT '0',
  EXAMID smallint(5) NOT NULL DEFAULT '0',
  WEIGHT float(5,2) NOT NULL DEFAULT '0.00',
  PRIMARY KEY (EXAMID,POSITIONID,EXAM_GROUPID)
) ENGINE=MyISAM DEFAULT CHARSET=utf8;
CREATE TABLE LDSANSWER (
  MEMBERID varchar(13) NOT NULL DEFAULT '',
  TESTNO tinyint(3) unsigned NOT NULL DEFAULT '0',
  QID int(5) NOT NULL DEFAULT '0',
  CID int(5) NOT NULL DEFAULT '0',
  CHOICE_TYPE char(1) NOT NULL DEFAULT '0',
  SCORE int(11) DEFAULT NULL,
  TIMEUSE int(11) NOT NULL DEFAULT '0',
  PRIMARY KEY (QID,MEMBERID,TESTNO,CHOICE_TYPE,CID)
) ENGINE=MyISAM DEFAULT CHARSET=utf8;
CREATE TABLE LDSCHOICE (
  CID int(5) NOT NULL DEFAULT '0',
  QID int(5) NOT NULL DEFAULT '0',
  CHOICE_TYPE char(1) NOT NULL DEFAULT 'W',
  CHOICE text NOT NULL,
  CHOICE_SCORE int(1) NOT NULL DEFAULT '0',
  PRIMARY KEY (QID,CHOICE_TYPE,CID)
) ENGINE=MyISAM DEFAULT CHARSET=utf8;
CREATE TABLE LDSQUESTION (
  PID smallint(5) unsigned NOT NULL DEFAULT '0',
  POSITIONID smallint(5) unsigned NOT NULL DEFAULT '0',
  QID smallint(5) NOT NULL DEFAULT '0',
  ORDER_NO smallint(2) unsigned NOT NULL DEFAULT '0',
  QUESTION text NOT NULL,
  FACTOR smallint(5) DEFAULT NULL,
  SUBFACTOR smallint(5) DEFAULT NULL,
  TYPE varchar(10) DEFAULT NULL,
  STAT smallint(5) unsigned DEFAULT '0',
  PRIMARY KEY (QID,PID,ORDER_NO,POSITIONID)
) ENGINE=MyISAM DEFAULT CHARSET=utf8;
CREATE TABLE LEA_R (
  PID smallint(5) unsigned NOT NULL DEFAULT '0',
  POSITIONID smallint(5) unsigned NOT NULL DEFAULT '0',
  QID smallint(5) NOT NULL DEFAULT '0',
  ORDER_NO smallint(2) unsigned NOT NULL DEFAULT '0',
  CHOICE_TYPE char(1) NOT NULL DEFAULT 'W',
  CHOICE text NOT NULL,
  CHOICE_SCORE int(1) NOT NULL DEFAULT '0',
  FACTOR smallint(5) DEFAULT NULL,
  SUBFACTOR smallint(5) DEFAULT NULL,
  TYPE varchar(10) DEFAULT NULL,
  STAT smallint(5) unsigned DEFAULT '0',
  PRIMARY KEY (QID,PID,ORDER_NO,CHOICE_TYPE,POSITIONID)
) ENGINE=MyISAM DEFAULT CHARSET=utf8;
CREATE TABLE LEA_RANSWER (
  QID smallint(5) NOT NULL DEFAULT '0',
  CHOICE_TYPE char(1) NOT NULL DEFAULT '0',
  MEMBERID varchar(13) NOT NULL DEFAULT '',
  TESTNO tinyint(3) unsigned NOT NULL DEFAULT '0',
  ANSWER smallint(6) NOT NULL DEFAULT '0',
  SCORE int(11) DEFAULT NULL,
  USERCHOOSE varchar(1) DEFAULT NULL,
  PRIMARY KEY (QID,MEMBERID,TESTNO,CHOICE_TYPE)
) ENGINE=MyISAM DEFAULT CHARSET=utf8;
CREATE TABLE LSSANSWER (
  SETID tinyint(3) unsigned NOT NULL DEFAULT '1',
  LSSID smallint(5) unsigned NOT NULL DEFAULT '0',
  MEMBERID varchar(13) NOT NULL DEFAULT '',
  TESTNO tinyint(3) NOT NULL DEFAULT '0',
  ANSWER smallint(5) DEFAULT NULL,
  SCORE int(11) DEFAULT NULL,
  PRIMARY KEY (SETID,LSSID,MEMBERID,TESTNO)
) ENGINE=MyISAM DEFAULT CHARSET=utf8;
CREATE TABLE LSSCHOICE (
  SETID tinyint(3) unsigned NOT NULL DEFAULT '1',
  LSSID smallint(5) unsigned NOT NULL DEFAULT '0',
  CID smallint(5) NOT NULL DEFAULT '0',
  CHOICE varchar(255) DEFAULT NULL,
  FACTOR tinyint(3) DEFAULT NULL,
  PRIMARY KEY (SETID,LSSID,CID)
) ENGINE=MyISAM DEFAULT CHARSET=utf8;
CREATE TABLE LSSQUESTION (
  PID smallint(5) unsigned NOT NULL DEFAULT '0',
  POSITIONID smallint(5) unsigned NOT NULL DEFAULT '0',
  SETID tinyint(6) unsigned NOT NULL DEFAULT '1',
  LSSID smallint(5) NOT NULL DEFAULT '0',
  ORDER_NO smallint(2) unsigned NOT NULL DEFAULT '0',
  QUESTION text,
  FACTOR smallint(5) DEFAULT NULL,
  SUBFACTOR smallint(5) DEFAULT NULL,
  PRIMARY KEY (SETID,LSSID,PID,ORDER_NO,POSITIONID)
) ENGINE=MyISAM DEFAULT CHARSET=utf8;
CREATE TABLE MANAGEADMIN (
  ADMINL2ID tinyint(3) unsigned NOT NULL DEFAULT '0',
  ADMINL1ID tinyint(3) unsigned NOT NULL DEFAULT '0',
  PRIMARY KEY (ADMINL2ID,ADMINL1ID)
) ENGINE=MyISAM DEFAULT CHARSET=utf8;
CREATE TABLE MANAGEGROUP (
  MGID tinyint(3) NOT NULL DEFAULT '0',
  GROUPID tinyint(3) NOT NULL DEFAULT '0',
  MENUID tinyint(3) NOT NULL DEFAULT '0',
  MGVIEW tinyint(1) NOT NULL DEFAULT '0',
  MGEDIT tinyint(1) NOT NULL DEFAULT '0',
  MGDELETE tinyint(1) NOT NULL DEFAULT '0',
  STATUS varchar(1) NOT NULL,
  PRIMARY KEY (MGID,GROUPID,MENUID)
) ENGINE=MyISAM DEFAULT CHARSET=utf8;
INSERT INTO managegroup VALUES (1,1,1,1,1,0,'A'),(2,1,2,1,1,1,'A'),(3,1,3,1,1,1,'A'),(4,1,4,1,1,1,'A'),(5,1,5,1,1,1,'A'),(6,1,6,1,1,1,'A'),(7,1,7,1,0,0,'A'),(8,1,8,1,1,0,'A'),(9,1,9,1,0,0,'A'),(10,1,10,1,0,0,'A'),(11,1,11,1,0,0,'A'),(12,1,12,1,0,0,'A'),(13,1,13,1,0,0,'A'),(14,1,14,1,0,0,'A'),(15,1,15,1,1,1,'A'),(16,1,16,1,0,0,'A');
CREATE TABLE MAPPASSCODE (
  MEMBERID varchar(13) NOT NULL DEFAULT '',
  TESTNO tinyint(3) unsigned NOT NULL DEFAULT '0',
  MDCODE varchar(64) DEFAULT NULL,
  ACCEPTSTATUS char(1) DEFAULT 'N',
  ACCEPTDATE datetime DEFAULT NULL,
  NOTACCEPTDATE datetime DEFAULT NULL,
  PRIMARY KEY (MEMBERID,TESTNO)
) ENGINE=MyISAM DEFAULT CHARSET=utf8;
CREATE TABLE MEMBERS (
  MEMBERID varchar(13) NOT NULL DEFAULT '',
  TESTNO tinyint(3) unsigned NOT NULL DEFAULT '0',
  POSITIONID smallint(5) NOT NULL DEFAULT '0',
  CITIZENID varchar(13) NOT NULL DEFAULT '',
  PASSWORD varchar(128) NOT NULL DEFAULT '',
  MDCODE varchar(64) DEFAULT NULL,
  FIRSTNAME varchar(64) DEFAULT NULL,
  LASTNAME varchar(64) DEFAULT NULL,
  DATE_BIRTH date DEFAULT NULL,
  ADDRESS varchar(255) DEFAULT NULL,
  PHONE varchar(32) DEFAULT NULL,
  MOBILE varchar(32) DEFAULT NULL,
  EMAIL varchar(128) DEFAULT NULL,
  EDUID tinyint(3) unsigned DEFAULT NULL,
  INSTITUTE varchar(255) DEFAULT NULL,
  TIME_LASTLOGIN datetime DEFAULT NULL,
  TIME_REG datetime DEFAULT NULL,
  ADMINID tinyint(3) unsigned DEFAULT NULL,
  STATUSAPPROVE tinyint(3) NOT NULL DEFAULT '0',
  APPROVEDATE datetime DEFAULT NULL,
  DATESTART datetime NOT NULL DEFAULT CURRENT_TIMESTAMP,
  DATEEXPIRE datetime DEFAULT NULL,
  STATUS char(1) DEFAULT 'A',
  SERVICETYPEID char(2) DEFAULT NULL,
  AMOUNTDATESTART tinyint(3) unsigned DEFAULT '0',
  AMOUNTDATEEXPIRE tinyint(3) unsigned DEFAULT '0',
  RESERVE text,
  GROUPID smallint(3) unsigned DEFAULT '0',
  AGE2 smallint(2) unsigned DEFAULT '0',
  EXPS varchar(5) DEFAULT '0',
  GENDER2 varchar(10) DEFAULT NULL,
  GROUPOTHER varchar(255) DEFAULT NULL,
  PRIMARY KEY (MEMBERID,TESTNO)
) ENGINE=MyISAM DEFAULT CHARSET=utf8;
CREATE TABLE MENU (
  MENUID int(4) unsigned NOT NULL DEFAULT '0',
  MENUNAMETH varchar(50) DEFAULT NULL,
  MENUNAMEEN varchar(50) DEFAULT NULL,
  MENULV int(1) unsigned DEFAULT '0',
  MENUREF int(2) unsigned DEFAULT '0',
  MENUCLASSICON varchar(30) DEFAULT NULL,
  MENULINK varchar(50) DEFAULT NULL,
  MENUORDER int(2) unsigned DEFAULT '0',
  TYPEACTION varchar(20) DEFAULT NULL,
  STATUS varchar(1) DEFAULT 'A',
  PRIMARY KEY (MENUID)
) ENGINE=MyISAM DEFAULT CHARSET=utf8;
INSERT INTO menu VALUES (1,'หน้าหลัก','Home',1,NULL,'fa-home','dashboard.php',1,'view-edit','A'),(2,'จัดการสังกัด','Division Management',1,NULL,'fa-sitemap','site.php',2,'view-edit-delete','A'),(3,'จัดการตำแหน่ง ','Position Management',1,NULL,'md-assignment-account','job.php',3,'view-edit-delete','A'),(4,'จัดการผู้ดูแลระบบ ','Administrator Management',1,NULL,'fa-group','admin.php',4,'view-edit-delete','A'),(5,'จัดการต้นฉบับแบบวัด ','Test Management',1,NULL,'fa-list-alt','papertest_position.php',5,'view-edit-delete','A'),(6,'จัดการ License ','License Management',1,NULL,'fa-jsfiddle','license.php',6,'view-edit-delete','A'),(7,'เมนูบริหารระบบทดสอบ','Report',1,NULL,'report','',8,'view','A'),(8,'จัดการอนุมัติการลงทะเบียน ','Approve Management',1,NULL,'fa-check-square-o','register.php',9,'view-edit','A'),(9,'จัดการข้อมูลผู้สมัคร','Examinee Management',1,NULL,'fa-address-card-o','register_info.php',10,'view','A'),(10,'รายงานผลสอบล่าสุด','Current Report',2,7,'fa-bar-chart','report_current.php',11,'view','A'),(11,'รายงานประเภทการทดสอบ','Catagory Report',2,7,'fa-file-o','report_category.php',12,'view','A'),(12,'รายงานส่งออกไฟล์ excel','Excel Report',2,7,'fa-file-excel-o','report_excel.php',13,'view','A'),(13,'รายงานผลสอบตามน้ำหนัก','Weight Report',2,7,'fa-file-word-o','report_weight.php',14,'view','A'),(14,'รายงานจำนวนสอบทั้งหมด','Total Test Report',2,7,'fa-file-text-o','report_total.php',15,'view','A'),(15,'จัดการกลุ่มสิทธิ์','Permission Management',1,0,'fa-universal-access','group_permission.php',7,'view-edit-delete','A'),(16,'แสดงข้อมูลทันที','',3,9,'','',11,'view','A');
CREATE TABLE MIXANSWER (
  MEMBERID varchar(13) NOT NULL DEFAULT '0',
  TESTNO tinyint(3) unsigned NOT NULL DEFAULT '0',
  SETID tinyint(3) unsigned NOT NULL DEFAULT '0',
  QID tinyint(3) unsigned NOT NULL DEFAULT '0',
  ANSTYPE varchar(10) DEFAULT NULL,
  FACTOR tinyint(3) unsigned DEFAULT '0',
  QTYPE varchar(10) DEFAULT NULL,
  SANSWER varchar(10) DEFAULT NULL,
  CANSWER varchar(10) DEFAULT NULL,
  MARK_PERQ tinyint(3) unsigned DEFAULT '0',
  SCORE tinyint(3) unsigned DEFAULT '0',
  QUSE_TIME varchar(10) DEFAULT '0',
  PRIMARY KEY (MEMBERID,TESTNO,SETID,QID)
) ENGINE=MyISAM DEFAULT CHARSET=utf8;
CREATE TABLE MIXBLANKANS (
  SETID tinyint(3) unsigned NOT NULL DEFAULT '0',
  QID tinyint(3) unsigned NOT NULL DEFAULT '0',
  ANSWER varchar(10) DEFAULT '0',
  PRIMARY KEY (SETID,QID)
) ENGINE=MyISAM DEFAULT CHARSET=utf8;
CREATE TABLE MIXCHOICE (
  SETID tinyint(3) unsigned NOT NULL DEFAULT '0',
  QID tinyint(3) unsigned NOT NULL DEFAULT '0',
  CID tinyint(3) unsigned NOT NULL DEFAULT '0',
  CHOICE_SRC text,
  CHOICE_SRCTYPE varchar(100) DEFAULT NULL,
  CORRECT tinyint(3) unsigned DEFAULT '0',
  PRIMARY KEY (SETID,QID,CID)
) ENGINE=MyISAM DEFAULT CHARSET=utf8;
CREATE TABLE MIXQUESTION (
  PID tinyint(5) unsigned NOT NULL DEFAULT '0',
  POSITIONID tinyint(5) unsigned NOT NULL DEFAULT '0',
  SETID tinyint(3) unsigned NOT NULL DEFAULT '0',
  QID tinyint(3) unsigned NOT NULL DEFAULT '0',
  ORDER_NO tinyint(2) unsigned NOT NULL DEFAULT '0',
  ANSTYPE varchar(10) DEFAULT NULL,
  ANSOPTION tinyint(3) unsigned DEFAULT '0',
  FACTOR tinyint(3) unsigned DEFAULT '0',
  QTYPE varchar(10) DEFAULT NULL,
  STAT tinyint(3) unsigned DEFAULT '0',
  PRIMARY KEY (SETID,QID,POSITIONID,PID)
) ENGINE=MyISAM DEFAULT CHARSET=utf8;
CREATE TABLE MIXQUESTION_STEP (
  SETID tinyint(3) unsigned NOT NULL DEFAULT '0',
  QID tinyint(3) unsigned NOT NULL DEFAULT '0',
  QUESTION_STEP tinyint(3) unsigned NOT NULL DEFAULT '0',
  QUESTION_SRC text,
  QUESTION_SRCTYPE varchar(10) DEFAULT NULL,
  QUESTION_ALIGN varchar(10) DEFAULT 'LEFT',
  PRIMARY KEY (SETID,QID,QUESTION_STEP)
) ENGINE=MyISAM DEFAULT CHARSET=utf8;
CREATE TABLE MQ (
  PID smallint(5) unsigned NOT NULL DEFAULT '0',
  POSITIONID smallint(5) unsigned NOT NULL DEFAULT '0',
  MQID smallint(5) NOT NULL DEFAULT '0',
  ORDER_NO smallint(2) unsigned NOT NULL DEFAULT '0',
  QUESTION text NOT NULL,
  FACTOR smallint(5) unsigned DEFAULT NULL,
  TYPE varchar(10) DEFAULT NULL,
  PRIMARY KEY (MQID,PID,ORDER_NO,POSITIONID)
) ENGINE=MyISAM DEFAULT CHARSET=utf8;
CREATE TABLE MQANSWER (
  MQID smallint(5) NOT NULL DEFAULT '0',
  MEMBERID varchar(13) NOT NULL DEFAULT '',
  TESTNO tinyint(3) unsigned NOT NULL DEFAULT '0',
  ANSWER smallint(6) NOT NULL DEFAULT '0',
  SCORE int(11) DEFAULT NULL,
  PRIMARY KEY (MQID,MEMBERID,TESTNO)
) ENGINE=MyISAM DEFAULT CHARSET=utf8;
CREATE TABLE MQCHOICE (
  MQID smallint(3) NOT NULL DEFAULT '0',
  MQIDTYPE smallint(3) DEFAULT NULL,
  PRIMARY KEY (MQID)
) ENGINE=MyISAM DEFAULT CHARSET=utf8;
CREATE TABLE MQCHOICE_STEP (
  MQIDTYPE smallint(3) NOT NULL DEFAULT '0',
  CHOICEID smallint(5) NOT NULL DEFAULT '0',
  CHOICE_SRC varchar(255) DEFAULT NULL,
  PRIMARY KEY (MQIDTYPE,CHOICEID)
) ENGINE=MyISAM DEFAULT CHARSET=utf8;
CREATE TABLE OQ (
  PID smallint(5) unsigned NOT NULL DEFAULT '0',
  POSITIONID smallint(5) unsigned NOT NULL DEFAULT '0',
  OQID smallint(5) NOT NULL DEFAULT '0',
  ORDER_NO smallint(2) unsigned NOT NULL DEFAULT '0',
  QUESTION text NOT NULL,
  FACTOR smallint(5) unsigned DEFAULT NULL,
  TYPE varchar(10) DEFAULT NULL,
  PRIMARY KEY (OQID,PID,ORDER_NO,POSITIONID)
) ENGINE=MyISAM DEFAULT CHARSET=utf8;
CREATE TABLE OQANSWER (
  OQID smallint(5) NOT NULL DEFAULT '0',
  MEMBERID varchar(13) NOT NULL DEFAULT '',
  TESTNO tinyint(3) unsigned NOT NULL DEFAULT '0',
  ANSWER smallint(6) NOT NULL DEFAULT '0',
  SCORE int(11) DEFAULT NULL,
  PRIMARY KEY (OQID,MEMBERID,TESTNO)
) ENGINE=MyISAM DEFAULT CHARSET=utf8;
CREATE TABLE OQCHOICE (
  OQID smallint(3) NOT NULL DEFAULT '0',
  OQIDTYPE smallint(3) DEFAULT NULL,
  PRIMARY KEY (OQID)
) ENGINE=MyISAM DEFAULT CHARSET=utf8;
CREATE TABLE OQCHOICE_STEP (
  OQIDTYPE smallint(6) NOT NULL DEFAULT '0',
  CHOICEID smallint(3) NOT NULL DEFAULT '0',
  CHOICE_SRC varchar(255) DEFAULT NULL,
  PRIMARY KEY (OQIDTYPE,CHOICEID)
) ENGINE=MyISAM DEFAULT CHARSET=utf8;
CREATE TABLE PERIOD (
  PID smallint(5) unsigned NOT NULL DEFAULT '0',
  POSITIONID smallint(5) unsigned NOT NULL DEFAULT '0',
  EXAMID smallint(5) unsigned NOT NULL DEFAULT '0',
  EXAMNAME varchar(128) DEFAULT NULL,
  DATE datetime DEFAULT NULL,
  STATUS char(1) DEFAULT 'A',
  PRIMARY KEY (PID,EXAMID,POSITIONID)
) ENGINE=MyISAM DEFAULT CHARSET=utf8;
CREATE TABLE PLA_R (
  PID smallint(5) unsigned NOT NULL DEFAULT '0',
  POSITIONID smallint(5) unsigned NOT NULL DEFAULT '0',
  QID smallint(5) NOT NULL DEFAULT '0',
  ORDER_NO smallint(2) unsigned NOT NULL DEFAULT '0',
  CHOICE_TYPE char(1) NOT NULL DEFAULT 'W',
  CHOICE text NOT NULL,
  CHOICE_SCORE int(1) NOT NULL DEFAULT '0',
  FACTOR smallint(5) DEFAULT NULL,
  SUBFACTOR smallint(5) DEFAULT NULL,
  TYPE varchar(10) DEFAULT NULL,
  STAT smallint(5) unsigned DEFAULT '0',
  PRIMARY KEY (QID,PID,ORDER_NO,CHOICE_TYPE,POSITIONID)
) ENGINE=MyISAM DEFAULT CHARSET=utf8;
CREATE TABLE PLA_RANSWER (
  QID smallint(5) NOT NULL DEFAULT '0',
  CHOICE_TYPE char(1) NOT NULL DEFAULT '0',
  MEMBERID varchar(13) NOT NULL DEFAULT '',
  TESTNO tinyint(3) unsigned NOT NULL DEFAULT '0',
  ANSWER smallint(6) NOT NULL DEFAULT '0',
  SCORE int(11) DEFAULT NULL,
  USERCHOOSE varchar(1) DEFAULT NULL,
  PRIMARY KEY (QID,MEMBERID,TESTNO,CHOICE_TYPE)
) ENGINE=MyISAM DEFAULT CHARSET=utf8;
CREATE TABLE QSTAT (
  EXAMID smallint(5) unsigned NOT NULL DEFAULT '0',
  QID smallint(5) unsigned NOT NULL DEFAULT '0',
  STAT smallint(5) unsigned DEFAULT '0',
  PRIMARY KEY (EXAMID,QID)
) ENGINE=MyISAM DEFAULT CHARSET=utf8;
CREATE TABLE SEM_R (
  PID smallint(5) unsigned NOT NULL DEFAULT '0',
  POSITIONID smallint(5) unsigned NOT NULL DEFAULT '0',
  QID smallint(5) NOT NULL DEFAULT '0',
  ORDER_NO smallint(2) unsigned NOT NULL DEFAULT '0',
  CHOICE_TYPE char(1) NOT NULL DEFAULT 'W',
  CHOICE text NOT NULL,
  CHOICE_SCORE int(1) NOT NULL DEFAULT '0',
  FACTOR smallint(5) DEFAULT NULL,
  SUBFACTOR smallint(5) DEFAULT NULL,
  TYPE varchar(10) DEFAULT NULL,
  STAT smallint(5) unsigned DEFAULT '0',
  PRIMARY KEY (QID,PID,ORDER_NO,CHOICE_TYPE,POSITIONID)
) ENGINE=MyISAM DEFAULT CHARSET=utf8;
CREATE TABLE SEM_RANSWER (
  QID smallint(5) NOT NULL DEFAULT '0',
  CHOICE_TYPE char(1) NOT NULL DEFAULT '0',
  MEMBERID varchar(13) NOT NULL DEFAULT '',
  TESTNO tinyint(3) unsigned NOT NULL DEFAULT '0',
  ANSWER smallint(6) NOT NULL DEFAULT '0',
  SCORE int(11) DEFAULT NULL,
  USERCHOOSE varchar(1) DEFAULT NULL,
  PRIMARY KEY (QID,MEMBERID,TESTNO,CHOICE_TYPE)
) ENGINE=MyISAM DEFAULT CHARSET=utf8;
CREATE TABLE SERVICETYPE (
  SERVICETYPEID tinyint(3) unsigned NOT NULL DEFAULT '0',
  SERVICETYPENAME varchar(100) NOT NULL DEFAULT '',
  STATUSAPPROVE tinyint(3) unsigned DEFAULT '0',
  AMOUNTDATESTART tinyint(3) unsigned DEFAULT '0',
  AMOUNTDATEEXPIRE tinyint(3) unsigned DEFAULT '0',
  STATUS char(1) DEFAULT 'A',
  PRIMARY KEY (SERVICETYPEID)
) ENGINE=MyISAM DEFAULT CHARSET=utf8;
INSERT INTO SERVICETYPE VALUES (1,'สอบได้ทันที',1,0,0,'I'),(2,'สอบได้ทันทีแต่มีวันหมดอายุ',1,0,30,'A'),(3,'รอการอนุมัติ',0,0,0,'A'),(4,'รอการอนุมัติและมีวันหมดอายุ',0,0,30,'A'),(5,'มีวันเริ่มการสอบ',0,10,0,'I'),(6,'มีวันเริ่มเข้าสอบและมีวันหมดอายุ',0,10,30,'A'),(7,'สอบได้ทันทีทุกรอบ',1,0,0,'I'),(8,'สอบได้ทันทีทุกรอบแต่มีวันหมดอายุ',1,0,30,'I'),(9,'สอบได้ทันที 2 ครั้ง',1,0,0,'A'),(10,'สอบได้ทันที 2 ครั้งและมีวันหมดอายุ',1,0,30,'A'),(11,'สอบได้ทันที 3 ครั้ง',1,0,0,'A'),(12,'สอบได้ทันที 3 ครั้งและมีวันหมดอายุ',1,0,30,'A');
CREATE TABLE STT_R (
  PID smallint(5) unsigned NOT NULL DEFAULT '0',
  POSITIONID smallint(5) unsigned NOT NULL DEFAULT '0',
  QID smallint(5) NOT NULL DEFAULT '0',
  ORDER_NO smallint(2) unsigned NOT NULL DEFAULT '0',
  CHOICE_TYPE char(1) NOT NULL DEFAULT 'W',
  CHOICE text NOT NULL,
  CHOICE_SCORE int(1) NOT NULL DEFAULT '0',
  FACTOR smallint(5) DEFAULT NULL,
  SUBFACTOR smallint(5) DEFAULT NULL,
  TYPE varchar(10) DEFAULT NULL,
  STAT smallint(5) unsigned DEFAULT '0',
  PRIMARY KEY (QID,PID,ORDER_NO,CHOICE_TYPE,POSITIONID)
) ENGINE=MyISAM DEFAULT CHARSET=utf8;
CREATE TABLE STT_RANSWER (
  QID smallint(5) NOT NULL DEFAULT '0',
  CHOICE_TYPE char(1) NOT NULL DEFAULT '0',
  MEMBERID varchar(13) NOT NULL DEFAULT '',
  TESTNO tinyint(3) unsigned NOT NULL DEFAULT '0',
  ANSWER smallint(6) NOT NULL DEFAULT '0',
  SCORE int(11) DEFAULT NULL,
  USERCHOOSE varchar(1) DEFAULT NULL,
  PRIMARY KEY (QID,MEMBERID,TESTNO,CHOICE_TYPE)
) ENGINE=MyISAM DEFAULT CHARSET=utf8;
CREATE TABLE TEA_R (
  PID smallint(5) unsigned NOT NULL DEFAULT '0',
  POSITIONID smallint(5) unsigned NOT NULL DEFAULT '0',
  QID smallint(5) NOT NULL DEFAULT '0',
  ORDER_NO smallint(2) unsigned NOT NULL DEFAULT '0',
  CHOICE_TYPE char(1) NOT NULL DEFAULT 'W',
  CHOICE text NOT NULL,
  CHOICE_SCORE int(1) NOT NULL DEFAULT '0',
  FACTOR smallint(5) DEFAULT NULL,
  SUBFACTOR smallint(5) DEFAULT NULL,
  TYPE varchar(10) DEFAULT NULL,
  STAT smallint(5) unsigned DEFAULT '0',
  PRIMARY KEY (QID,PID,ORDER_NO,CHOICE_TYPE,POSITIONID)
) ENGINE=MyISAM DEFAULT CHARSET=utf8;
CREATE TABLE TEA_RANSWER (
  QID smallint(5) NOT NULL DEFAULT '0',
  CHOICE_TYPE char(1) NOT NULL DEFAULT '0',
  MEMBERID varchar(13) NOT NULL DEFAULT '',
  TESTNO tinyint(3) unsigned NOT NULL DEFAULT '0',
  ANSWER smallint(6) NOT NULL DEFAULT '0',
  SCORE int(11) DEFAULT NULL,
  USERCHOOSE varchar(1) DEFAULT NULL,
  PRIMARY KEY (QID,MEMBERID,TESTNO,CHOICE_TYPE)
) ENGINE=MyISAM DEFAULT CHARSET=utf8;
CREATE TABLE TEMP_LDS (
  PID int(11) DEFAULT NULL,
  POSITIONID int(11) DEFAULT NULL,
  EXAMID int(11) DEFAULT NULL,
  QID int(11) DEFAULT NULL,
  FID int(11) DEFAULT NULL
) ENGINE=MyISAM DEFAULT CHARSET=utf8;
CREATE TABLE TEMP_MMPA (
  PID smallint(5) unsigned NOT NULL DEFAULT '0',
  POSITIONID smallint(5) unsigned NOT NULL DEFAULT '0',
  EXAMID smallint(5) unsigned NOT NULL DEFAULT '0',
  TID int(3) unsigned NOT NULL DEFAULT '0',
  QID tinyint(3) unsigned NOT NULL DEFAULT '0',
  FID smallint(5) unsigned NOT NULL DEFAULT '0',
  CHOICE_TYPE char(1) NOT NULL DEFAULT 'W',
  QNO smallint(5) unsigned NOT NULL DEFAULT '0',
  CHOICE text,
  TYPE varchar(10) NOT NULL DEFAULT '',
  PRIMARY KEY (EXAMID,FID,CHOICE_TYPE,PID,QID,TYPE,POSITIONID)
) ENGINE=MyISAM DEFAULT CHARSET=utf8;
CREATE TABLE TEMP_PERIOD (
  PID smallint(5) unsigned NOT NULL DEFAULT '0',
  POSITIONID smallint(5) unsigned NOT NULL DEFAULT '0',
  EXAMID smallint(5) unsigned NOT NULL DEFAULT '0',
  QID int(3) unsigned NOT NULL DEFAULT '0',
  FID smallint(5) unsigned NOT NULL DEFAULT '0'
) ENGINE=MyISAM DEFAULT CHARSET=utf8;
CREATE TABLE TEMP_PERIOD_ENG (
  PID smallint(5) unsigned NOT NULL DEFAULT '0',
  POSITIONID smallint(5) unsigned NOT NULL DEFAULT '0',
  EXAMID smallint(5) unsigned NOT NULL DEFAULT '0',
  QID tinyint(3) unsigned NOT NULL DEFAULT '0',
  FID smallint(5) unsigned NOT NULL DEFAULT '0',
  ANSTYPE varchar(10) DEFAULT NULL,
  QTYPE varchar(10) DEFAULT NULL,
  PASSAGEID smallint(3) unsigned DEFAULT '0'
) ENGINE=MyISAM DEFAULT CHARSET=utf8;
CREATE TABLE TEMP_PERIOD_ENG2 (
  PID smallint(5) unsigned NOT NULL DEFAULT '0',
  POSITIONID smallint(5) unsigned NOT NULL DEFAULT '0',
  EXAMID smallint(5) unsigned NOT NULL DEFAULT '0',
  QID tinyint(3) unsigned NOT NULL DEFAULT '0',
  FID smallint(5) unsigned NOT NULL DEFAULT '0',
  ANSTYPE varchar(10) DEFAULT NULL,
  QTYPE varchar(10) DEFAULT NULL,
  PASSAGEID smallint(3) unsigned DEFAULT '0',
  SUBPASSAGEID smallint(3) unsigned DEFAULT '0'
) ENGINE=MyISAM DEFAULT CHARSET=utf8;
CREATE TABLE TEMP_PERIOD_ENG3 (
  PID smallint(5) unsigned NOT NULL DEFAULT '0',
  POSITIONID smallint(5) unsigned NOT NULL DEFAULT '0',
  EXAMID smallint(5) unsigned NOT NULL DEFAULT '0',
  QID tinyint(3) unsigned NOT NULL DEFAULT '0',
  FID smallint(5) unsigned NOT NULL DEFAULT '0',
  ANSTYPE varchar(10) DEFAULT NULL,
  QTYPE varchar(10) DEFAULT NULL,
  PASSAGEID smallint(3) unsigned DEFAULT '0',
  SUBPASSAGEID smallint(3) unsigned DEFAULT '0',
  PACKNUM int(10) unsigned DEFAULT NULL
) ENGINE=MyISAM DEFAULT CHARSET=utf8;
CREATE TABLE TEMP_PERIOD_ENG5 (
  PID smallint(5) unsigned NOT NULL DEFAULT '0',
  POSITIONID smallint(5) unsigned NOT NULL DEFAULT '0',
  EXAMID smallint(5) unsigned NOT NULL DEFAULT '0',
  QID int(3) unsigned NOT NULL DEFAULT '0',
  FID smallint(5) unsigned NOT NULL DEFAULT '0',
  ANSTYPE varchar(10) DEFAULT NULL,
  QTYPE varchar(10) DEFAULT NULL,
  SUBFACTOR smallint(3) unsigned DEFAULT '0'
) ENGINE=MyISAM DEFAULT CHARSET=utf8;
CREATE TABLE TEMP_PERIOD_ENG7 (
  PID smallint(5) unsigned NOT NULL DEFAULT '0',
  PACKNUM smallint(5) unsigned NOT NULL DEFAULT '0',
  POSITIONID smallint(5) unsigned NOT NULL DEFAULT '0',
  EXAMID smallint(5) unsigned NOT NULL DEFAULT '0',
  QID int(3) unsigned NOT NULL DEFAULT '0',
  ORDERNO int(11) DEFAULT NULL,
  FID smallint(5) unsigned NOT NULL DEFAULT '0',
  ANSTYPE varchar(10) DEFAULT NULL,
  QTYPE varchar(10) DEFAULT NULL,
  PASSAGEID smallint(3) unsigned DEFAULT '0',
  SUBPASSAGEID smallint(6) DEFAULT NULL
) ENGINE=MyISAM DEFAULT CHARSET=utf8;
CREATE TABLE TEMP_PERIOD_MIX (
  PID smallint(5) unsigned NOT NULL DEFAULT '0',
  POSITIONID smallint(5) unsigned NOT NULL DEFAULT '0',
  EXAMID smallint(5) unsigned NOT NULL DEFAULT '0',
  QID tinyint(3) unsigned NOT NULL DEFAULT '0',
  FID smallint(5) unsigned NOT NULL DEFAULT '0',
  ANSTYPE varchar(10) DEFAULT NULL,
  QTYPE varchar(10) DEFAULT NULL
) ENGINE=MyISAM DEFAULT CHARSET=utf8;
CREATE TABLE COMMENT_MERGEREPORT (
  MEMBERID varchar(13) NOT NULL DEFAULT '',
  TESTNO tinyint(3) NOT NULL DEFAULT '0',
  COMMENTSTATUS tinyint(1) DEFAULT NULL,
  COMMENT text,
  COMMENTDATE datetime DEFAULT NULL,
  COMMENTBY tinyint(3) DEFAULT NULL,
  SHOWCOMMENT tinyint(3) DEFAULT '0',
  PRIMARY KEY (MEMBERID,TESTNO)
) ENGINE=MyISAM DEFAULT CHARSET=utf8;

CREATE TABLE COMMENT_AQ (
  MEMBERID varchar(13) NOT NULL DEFAULT '',
  TESTNO tinyint(3) NOT NULL DEFAULT '0',
  COMMENTSTATUS tinyint(1) DEFAULT NULL,
  COMMENT text,
  COMMENTDATE datetime DEFAULT NULL,
  COMMENTBY tinyint(3) DEFAULT NULL,
  SHOWCOMMENT tinyint(3) DEFAULT '0',
  PRIMARY KEY (MEMBERID,TESTNO)
) ENGINE=MyISAM DEFAULT CHARSET=utf8;

CREATE TABLE COMMENT_EQ (
  MEMBERID varchar(13) NOT NULL DEFAULT '',
  TESTNO tinyint(3) NOT NULL DEFAULT '0',
  COMMENTSTATUS tinyint(1) DEFAULT NULL,
  COMMENT text,
  COMMENTDATE datetime DEFAULT NULL,
  COMMENTBY tinyint(3) DEFAULT NULL,
  SHOWCOMMENT tinyint(3) DEFAULT '0',
  PRIMARY KEY (MEMBERID,TESTNO)
) ENGINE=MyISAM DEFAULT CHARSET=utf8;

CREATE TABLE COMMENT_IQ (
  MEMBERID varchar(13) NOT NULL DEFAULT '',
  TESTNO tinyint(3) NOT NULL DEFAULT '0',
  COMMENTSTATUS tinyint(1) DEFAULT NULL,
  COMMENT text,
  COMMENTDATE datetime DEFAULT NULL,
  COMMENTBY tinyint(3) DEFAULT NULL,
  SHOWCOMMENT tinyint(3) DEFAULT '0',
  PRIMARY KEY (MEMBERID,TESTNO)
) ENGINE=MyISAM DEFAULT CHARSET=utf8;

CREATE TABLE COMMENT_ENG (
  MEMBERID varchar(13) NOT NULL DEFAULT '',
  TESTNO tinyint(3) NOT NULL DEFAULT '0',
  COMMENTSTATUS tinyint(1) DEFAULT NULL,
  COMMENT text,
  COMMENTDATE datetime DEFAULT NULL,
  COMMENTBY tinyint(3) DEFAULT NULL,
  SHOWCOMMENT tinyint(3) DEFAULT '0',
  PRIMARY KEY (MEMBERID,TESTNO)
) ENGINE=MyISAM DEFAULT CHARSET=utf8;

CREATE TABLE COMMENT_MQ (
  MEMBERID varchar(13) NOT NULL DEFAULT '',
  TESTNO tinyint(3) NOT NULL DEFAULT '0',
  COMMENTSTATUS tinyint(1) DEFAULT NULL,
  COMMENT text,
  COMMENTDATE datetime DEFAULT NULL,
  COMMENTBY tinyint(3) DEFAULT NULL,
  SHOWCOMMENT tinyint(3) DEFAULT '0',
  PRIMARY KEY (MEMBERID,TESTNO)
) ENGINE=MyISAM DEFAULT CHARSET=utf8;

CREATE TABLE COMMENT_OQ (
  MEMBERID varchar(13) NOT NULL DEFAULT '',
  TESTNO tinyint(3) NOT NULL DEFAULT '0',
  COMMENTSTATUS tinyint(1) DEFAULT NULL,
  COMMENT text,
  COMMENTDATE datetime DEFAULT NULL,
  COMMENTBY tinyint(3) DEFAULT NULL,
  SHOWCOMMENT tinyint(3) DEFAULT '0',
  PRIMARY KEY (MEMBERID,TESTNO)
) ENGINE=MyISAM DEFAULT CHARSET=utf8;

CREATE TABLE COMMENT_INQ (
  MEMBERID varchar(13) NOT NULL DEFAULT '',
  TESTNO tinyint(3) NOT NULL DEFAULT '0',
  COMMENTSTATUS tinyint(1) DEFAULT NULL,
  COMMENT text,
  COMMENTDATE datetime DEFAULT NULL,
  COMMENTBY tinyint(3) DEFAULT NULL,
  SHOWCOMMENT tinyint(3) DEFAULT '0',
  PRIMARY KEY (MEMBERID,TESTNO)
) ENGINE=MyISAM DEFAULT CHARSET=utf8;

CREATE TABLE COMMENT_STT_R (
  MEMBERID varchar(13) NOT NULL DEFAULT '',
  TESTNO tinyint(3) NOT NULL DEFAULT '0',
  COMMENTSTATUS tinyint(1) DEFAULT NULL,
  COMMENT text,
  COMMENTDATE datetime DEFAULT NULL,
  COMMENTBY tinyint(3) DEFAULT NULL,
  SHOWCOMMENT tinyint(3) DEFAULT '0',
  PRIMARY KEY (MEMBERID,TESTNO)
) ENGINE=MyISAM DEFAULT CHARSET=utf8;

CREATE TABLE COMMENT_PLA_R (
  MEMBERID varchar(13) NOT NULL DEFAULT '',
  TESTNO tinyint(3) NOT NULL DEFAULT '0',
  COMMENTSTATUS tinyint(1) DEFAULT NULL,
  COMMENT text,
  COMMENTDATE datetime DEFAULT NULL,
  COMMENTBY tinyint(3) DEFAULT NULL,
  SHOWCOMMENT tinyint(3) DEFAULT '0',
  PRIMARY KEY (MEMBERID,TESTNO)
) ENGINE=MyISAM DEFAULT CHARSET=utf8;

CREATE TABLE COMMENT_IDM_R (
  MEMBERID varchar(13) NOT NULL DEFAULT '',
  TESTNO tinyint(3) NOT NULL DEFAULT '0',
  COMMENTSTATUS tinyint(1) DEFAULT NULL,
  COMMENT text,
  COMMENTDATE datetime DEFAULT NULL,
  COMMENTBY tinyint(3) DEFAULT NULL,
  SHOWCOMMENT tinyint(3) DEFAULT '0',
  PRIMARY KEY (MEMBERID,TESTNO)
) ENGINE=MyISAM DEFAULT CHARSET=utf8;

CREATE TABLE COMMENT_COM_R (
  MEMBERID varchar(13) NOT NULL DEFAULT '',
  TESTNO tinyint(3) NOT NULL DEFAULT '0',
  COMMENTSTATUS tinyint(1) DEFAULT NULL,
  COMMENT text,
  COMMENTDATE datetime DEFAULT NULL,
  COMMENTBY tinyint(3) DEFAULT NULL,
  SHOWCOMMENT tinyint(3) DEFAULT '0',
  PRIMARY KEY (MEMBERID,TESTNO)
) ENGINE=MyISAM DEFAULT CHARSET=utf8;

CREATE TABLE COMMENT_TEA_R (
  MEMBERID varchar(13) NOT NULL DEFAULT '',
  TESTNO tinyint(3) NOT NULL DEFAULT '0',
  COMMENTSTATUS tinyint(1) DEFAULT NULL,
  COMMENT text,
  COMMENTDATE datetime DEFAULT NULL,
  COMMENTBY tinyint(3) DEFAULT NULL,
  SHOWCOMMENT tinyint(3) DEFAULT '0',
  PRIMARY KEY (MEMBERID,TESTNO)
) ENGINE=MyISAM DEFAULT CHARSET=utf8;

CREATE TABLE COMMENT_GLA_R (
  MEMBERID varchar(13) NOT NULL DEFAULT '',
  TESTNO tinyint(3) NOT NULL DEFAULT '0',
  COMMENTSTATUS tinyint(1) DEFAULT NULL,
  COMMENT text,
  COMMENTDATE datetime DEFAULT NULL,
  COMMENTBY tinyint(3) DEFAULT NULL,
  SHOWCOMMENT tinyint(3) DEFAULT '0',
  PRIMARY KEY (MEMBERID,TESTNO)
) ENGINE=MyISAM DEFAULT CHARSET=utf8;

CREATE TABLE COMMENT_SEM_R (
  MEMBERID varchar(13) NOT NULL DEFAULT '',
  TESTNO tinyint(3) NOT NULL DEFAULT '0',
  COMMENTSTATUS tinyint(1) DEFAULT NULL,
  COMMENT text,
  COMMENTDATE datetime DEFAULT NULL,
  COMMENTBY tinyint(3) DEFAULT NULL,
  SHOWCOMMENT tinyint(3) DEFAULT '0',
  PRIMARY KEY (MEMBERID,TESTNO)
) ENGINE=MyISAM DEFAULT CHARSET=utf8;

CREATE TABLE COMMENT_LEA_R (
  MEMBERID varchar(13) NOT NULL DEFAULT '',
  TESTNO tinyint(3) NOT NULL DEFAULT '0',
  COMMENTSTATUS tinyint(1) DEFAULT NULL,
  COMMENT text,
  COMMENTDATE datetime DEFAULT NULL,
  COMMENTBY tinyint(3) DEFAULT NULL,
  SHOWCOMMENT tinyint(3) DEFAULT '0',
  PRIMARY KEY (MEMBERID,TESTNO)
) ENGINE=MyISAM DEFAULT CHARSET=utf8;

CREATE TABLE COMMENT_ENDURE (
  MEMBERID varchar(13) NOT NULL DEFAULT '',
  TESTNO tinyint(3) NOT NULL DEFAULT '0',
  COMMENTSTATUS tinyint(1) DEFAULT NULL,
  COMMENT text,
  COMMENTDATE datetime DEFAULT NULL,
  COMMENTBY tinyint(3) DEFAULT NULL,
  SHOWCOMMENT tinyint(3) DEFAULT '0',
  PRIMARY KEY (MEMBERID,TESTNO)
) ENGINE=MyISAM DEFAULT CHARSET=utf8;

CREATE TABLE COMMENT_ENG1 (
  MEMBERID varchar(13) NOT NULL DEFAULT '',
  TESTNO tinyint(3) NOT NULL DEFAULT '0',
  COMMENTSTATUS tinyint(1) DEFAULT NULL,
  COMMENT text,
  COMMENTDATE datetime DEFAULT NULL,
  COMMENTBY tinyint(3) DEFAULT NULL,
  SHOWCOMMENT tinyint(3) DEFAULT '0',
  PRIMARY KEY (MEMBERID,TESTNO)
) ENGINE=MyISAM DEFAULT CHARSET=utf8;

CREATE TABLE COMMENT_MIX (
  MEMBERID varchar(13) NOT NULL DEFAULT '',
  TESTNO tinyint(3) NOT NULL DEFAULT '0',
  COMMENTSTATUS tinyint(1) DEFAULT NULL,
  COMMENT text,
  COMMENTDATE datetime DEFAULT NULL,
  COMMENTBY tinyint(3) DEFAULT NULL,
  SHOWCOMMENT tinyint(3) DEFAULT '0',
  PRIMARY KEY (MEMBERID,TESTNO)
) ENGINE=MyISAM DEFAULT CHARSET=utf8;

CREATE TABLE COMMENT_CS1 (
  MEMBERID varchar(13) NOT NULL DEFAULT '',
  TESTNO tinyint(3) NOT NULL DEFAULT '0',
  COMMENTSTATUS tinyint(1) DEFAULT NULL,
  COMMENT text,
  COMMENTDATE datetime DEFAULT NULL,
  COMMENTBY tinyint(3) DEFAULT NULL,
  SHOWCOMMENT tinyint(3) DEFAULT '0',
  PRIMARY KEY (MEMBERID,TESTNO)
) ENGINE=MyISAM DEFAULT CHARSET=utf8;

CREATE TABLE COMMENT_CS2 (
  MEMBERID varchar(13) NOT NULL DEFAULT '',
  TESTNO tinyint(3) NOT NULL DEFAULT '0',
  COMMENTSTATUS tinyint(1) DEFAULT NULL,
  COMMENT text,
  COMMENTDATE datetime DEFAULT NULL,
  COMMENTBY tinyint(3) DEFAULT NULL,
  SHOWCOMMENT tinyint(3) DEFAULT '0',
  PRIMARY KEY (MEMBERID,TESTNO)
) ENGINE=MyISAM DEFAULT CHARSET=utf8;

CREATE TABLE COMMENT_EQ2 (
  MEMBERID varchar(13) NOT NULL DEFAULT '',
  TESTNO tinyint(3) NOT NULL DEFAULT '0',
  COMMENTSTATUS tinyint(1) DEFAULT NULL,
  COMMENT text,
  COMMENTDATE datetime DEFAULT NULL,
  COMMENTBY tinyint(3) DEFAULT NULL,
  SHOWCOMMENT tinyint(3) DEFAULT '0',
  PRIMARY KEY (MEMBERID,TESTNO)
) ENGINE=MyISAM DEFAULT CHARSET=utf8;

CREATE TABLE COMMENT_ENG2 (
  MEMBERID varchar(13) NOT NULL DEFAULT '',
  TESTNO tinyint(3) NOT NULL DEFAULT '0',
  COMMENTSTATUS tinyint(1) DEFAULT NULL,
  COMMENT text,
  COMMENTDATE datetime DEFAULT NULL,
  COMMENTBY tinyint(3) DEFAULT NULL,
  SHOWCOMMENT tinyint(3) DEFAULT '0',
  PRIMARY KEY (MEMBERID,TESTNO)
) ENGINE=MyISAM DEFAULT CHARSET=utf8;

CREATE TABLE COMMENT_ENG3 (
  MEMBERID varchar(13) NOT NULL DEFAULT '',
  TESTNO tinyint(3) NOT NULL DEFAULT '0',
  COMMENTSTATUS tinyint(1) DEFAULT NULL,
  COMMENT text,
  COMMENTDATE datetime DEFAULT NULL,
  COMMENTBY tinyint(3) DEFAULT NULL,
  SHOWCOMMENT tinyint(3) DEFAULT '0',
  PRIMARY KEY (MEMBERID,TESTNO)
) ENGINE=MyISAM DEFAULT CHARSET=utf8;

CREATE TABLE COMMENT_ENG4 (
  MEMBERID varchar(13) NOT NULL DEFAULT '',
  TESTNO tinyint(3) NOT NULL DEFAULT '0',
  COMMENTSTATUS tinyint(1) DEFAULT NULL,
  COMMENT text,
  COMMENTDATE datetime DEFAULT NULL,
  COMMENTBY tinyint(3) DEFAULT NULL,
  SHOWCOMMENT tinyint(3) DEFAULT '0',
  PRIMARY KEY (MEMBERID,TESTNO)
) ENGINE=MyISAM DEFAULT CHARSET=utf8;

CREATE TABLE COMMENT_ENG5 (
  MEMBERID varchar(13) NOT NULL DEFAULT '',
  TESTNO tinyint(3) NOT NULL DEFAULT '0',
  COMMENTSTATUS tinyint(1) DEFAULT NULL,
  COMMENT text,
  COMMENTDATE datetime DEFAULT NULL,
  COMMENTBY tinyint(3) DEFAULT NULL,
  SHOWCOMMENT tinyint(3) DEFAULT '0',
  PRIMARY KEY (MEMBERID,TESTNO)
) ENGINE=MyISAM DEFAULT CHARSET=utf8;

CREATE TABLE COMMENT_ENG6 (
  MEMBERID varchar(13) NOT NULL DEFAULT '',
  TESTNO tinyint(3) NOT NULL DEFAULT '0',
  COMMENTSTATUS tinyint(1) DEFAULT NULL,
  COMMENT text,
  COMMENTDATE datetime DEFAULT NULL,
  COMMENTBY tinyint(3) DEFAULT NULL,
  SHOWCOMMENT tinyint(3) DEFAULT '0',
  PRIMARY KEY (MEMBERID,TESTNO)
) ENGINE=MyISAM DEFAULT CHARSET=utf8;

CREATE TABLE COMMENT_EQ2_ENG (
  MEMBERID varchar(13) NOT NULL DEFAULT '',
  TESTNO tinyint(3) NOT NULL DEFAULT '0',
  COMMENTSTATUS tinyint(1) DEFAULT NULL,
  COMMENT text,
  COMMENTDATE datetime DEFAULT NULL,
  COMMENTBY tinyint(3) DEFAULT NULL,
  SHOWCOMMENT tinyint(3) DEFAULT '0',
  PRIMARY KEY (MEMBERID,TESTNO)
) ENGINE=MyISAM DEFAULT CHARSET=utf8;

CREATE TABLE COMMENT_AQ_ENG (
  MEMBERID varchar(13) NOT NULL DEFAULT '',
  TESTNO tinyint(3) NOT NULL DEFAULT '0',
  COMMENTSTATUS tinyint(1) DEFAULT NULL,
  COMMENT text,
  COMMENTDATE datetime DEFAULT NULL,
  COMMENTBY tinyint(3) DEFAULT NULL,
  SHOWCOMMENT tinyint(3) DEFAULT '0',
  PRIMARY KEY (MEMBERID,TESTNO)
) ENGINE=MyISAM DEFAULT CHARSET=utf8;

CREATE TABLE COMMENT_ENG7 (
  MEMBERID varchar(13) NOT NULL DEFAULT '',
  TESTNO tinyint(3) NOT NULL DEFAULT '0',
  COMMENTSTATUS tinyint(1) DEFAULT NULL,
  COMMENT text,
  COMMENTDATE datetime DEFAULT NULL,
  COMMENTBY tinyint(3) DEFAULT NULL,
  SHOWCOMMENT tinyint(3) DEFAULT '0',
  PRIMARY KEY (MEMBERID,TESTNO)
) ENGINE=MyISAM DEFAULT CHARSET=utf8;

CREATE TABLE COMMENT_CS1_ENG (
  MEMBERID varchar(13) NOT NULL DEFAULT '',
  TESTNO tinyint(3) NOT NULL DEFAULT '0',
  COMMENTSTATUS tinyint(1) DEFAULT NULL,
  COMMENT text,
  COMMENTDATE datetime DEFAULT NULL,
  COMMENTBY tinyint(3) DEFAULT NULL,
  SHOWCOMMENT tinyint(3) DEFAULT '0',
  PRIMARY KEY (MEMBERID,TESTNO)
) ENGINE=MyISAM DEFAULT CHARSET=utf8;

CREATE TABLE COMMENT_CS2_ENG (
  MEMBERID varchar(13) NOT NULL DEFAULT '',
  TESTNO tinyint(3) NOT NULL DEFAULT '0',
  COMMENTSTATUS tinyint(1) DEFAULT NULL,
  COMMENT text,
  COMMENTDATE datetime DEFAULT NULL,
  COMMENTBY tinyint(3) DEFAULT NULL,
  SHOWCOMMENT tinyint(3) DEFAULT '0',
  PRIMARY KEY (MEMBERID,TESTNO)
) ENGINE=MyISAM DEFAULT CHARSET=utf8;

CREATE TABLE COMMENT_LDS (
  MEMBERID varchar(13) NOT NULL DEFAULT '',
  TESTNO tinyint(3) NOT NULL DEFAULT '0',
  COMMENTSTATUS tinyint(1) DEFAULT NULL,
  COMMENT text,
  COMMENTDATE datetime DEFAULT NULL,
  COMMENTBY tinyint(3) DEFAULT NULL,
  SHOWCOMMENT tinyint(3) DEFAULT '0',
  PRIMARY KEY (MEMBERID,TESTNO)
) ENGINE=MyISAM DEFAULT CHARSET=utf8;
CREATE TABLE USER_TOKEN (
  ID bigint(20) unsigned NOT NULL AUTO_INCREMENT,
  TOKENABLE_TYPE  varchar(255) CHARACTER SET utf8mb3 COLLATE utf8mb3_unicode_ci NOT NULL,
  TOKENABLE_ID varchar(13) COLLATE utf8mb4_unicode_ci DEFAULT NULL,
  NAME varchar(255) CHARACTER SET utf8mb3 COLLATE utf8mb3_unicode_ci NOT NULL,
  TOKEN varchar(64) CHARACTER SET utf8mb3 COLLATE utf8mb3_unicode_ci NOT NULL,
  ABILITIES text CHARACTER SET utf8mb3 COLLATE utf8mb3_unicode_ci DEFAULT NULL,
  LAST_USED_AT timestamp NULL DEFAULT NULL,
  CREATED_AT timestamp NULL DEFAULT NULL,
  UPDATED_AT timestamp NULL DEFAULT NULL,
  PRIMARY KEY (id),
  UNIQUE KEY personal_access_tokens_token_unique (TOKEN),
  KEY personal_access_tokens_tokenable_type_tokenable_id_index (TOKENABLE_TYPE)
) ENGINE=MyISAM AUTO_INCREMENT=5 DEFAULT CHARSET=utf8mb4 COLLATE=utf8mb4_unicode_ci;
